group_id	canonical_label	n_members	confidence	members	action
G0449	Postextubation High-Flow Nasal Oxygen With Noninvasive Ventilation	15	0.667	high-flow oxygen therapy | high-flow nasal oxygen | Nasal high-flow oxygen therapy | Postextubation High-Flow Nasal Oxygen With Noninvasive Ventilation | high-flow nasal cannula oxygen therapy | High-flow nasal cannula oxygen | High-flow oxygen therapy through a nasal cannula | High-flow oxygen therapy through nasal cannula | High-flow nasal oxygen therapy | High-flow nasal oxygen with noninvasive ventilation | High-flow oxygen as initial oxygenation strategy | high-flow nasal cannula oxygen (HFNC) | Nasal high-flow | High flow nasal oxygen and niv | High flow nasal oxygen physiological support	CONFIRM_MERGE | SPLIT | KEEP_SEPARATE
G0450	intubation rate at day 28	2	0.667	intubation rate at day 28 | intubation rate	CONFIRM_MERGE | SPLIT | KEEP_SEPARATE
G0451	lung recruitment maneuver with titrated positive end-expiratory pressure (PEEP)	5	0.667	lung recruitment and titrated PEEP | lung recruitment maneuver with titrated positive end-expiratory pressure (PEEP) | lung recruitment | Lung recruitment maneuver with titrated PEEP | Lung recruitment and titrated Positive End-Expiratory Pressure (PEEP)	CONFIRM_MERGE | SPLIT | KEEP_SEPARATE
G0452	30-day all-cause mortality and severe morbidity	9	0.667	28-day all-cause mortality | 28-day mortality | all-cause mortality | All-cause mortality until 28 days | Reduced 28-day mortality | Reduced 28-day mortality in ARDS | No difference in 28-day mortality | All-cause mortality at 90 days | 30-day all-cause mortality and severe morbidity	CONFIRM_MERGE | SPLIT | KEEP_SEPARATE
G0453	Individualised, perioperative open-lung ventilation strategy during one-lung ventilation	8	0.615	individualised perioperative open-lung approach | individualised, perioperative open-lung ventilation strategy | individualised perioperative open-lung approach (OLA) ventilation | individualised perioperative open-lung ventilation strategy during one-lung ventilation | Individualised perioperative open-lung approach (OLA) | Individualised perioperative open-lung approach (iOLA) during one-lung ventilation | individualised open-lung approach during one-lung ventilation | Individualised, perioperative open-lung ventilation strategy during one-lung ventilation	CONFIRM_MERGE | SPLIT | KEEP_SEPARATE
G0454	mortality and postoperative pulmonary complications	9	0.667	postoperative complications | Postoperative Pulmonary Complications | postoperative respiratory complications | mortality and postoperative pulmonary complications | Reduced postoperative pulmonary complications | Reduced postoperative respiratory complications | Incidence of postoperative pulmonary complications | Risk of postoperative respiratory complications | postoperative	CONFIRM_MERGE | SPLIT | KEEP_SEPARATE
G0460	conservative oxygen therapy	2	0.667	conservative oxygen therapy | oxygen therapy	CONFIRM_MERGE | SPLIT | KEEP_SEPARATE
G0462	Intravenous dexamethasone	3	0.667	dexamethasone treatment | Dexamethasone | Intravenous dexamethasone	CONFIRM_MERGE | SPLIT | KEEP_SEPARATE
G0464	driving pressure during lung protective mechanical ventilation	11	0.6	lung-protective ventilation | protective-ventilation strategy | Lung protective mechanical ventilation | driving pressure during lung protective mechanical ventilation | recruitment maneuvers during lung protective ventilation | lung-protective ventilation strategy | Protective mechanical ventilation | Prone positioning, lung-protective ventilation | Intraoperative protective ventilation | Lung-Protective Ventilation With Low Tidal Volumes | lung-protective ventilation strategy using lower tidal volumes	CONFIRM_MERGE | SPLIT | KEEP_SEPARATE
G0467	Reduced endotracheal intubation within 28 days	4	0.6	intubation within 30 days | endotracheal intubation within 30 days | Intubation within 30 days after enrollment | Reduced endotracheal intubation within 28 days	CONFIRM_MERGE | SPLIT | KEEP_SEPARATE
G0468	Prone positioning during extracorporeal membrane oxygenation	2	0.6	Prone positioning during extracorporeal membrane oxygenation | Prone positioning during ECMO	CONFIRM_MERGE | SPLIT | KEEP_SEPARATE
G0469	Survival rate at 60 days	2	0.667	Survival rate at 60 days | Survival rate	CONFIRM_MERGE | SPLIT | KEEP_SEPARATE
G0470	None specified	3	0.667	none | None specified | none stated	CONFIRM_MERGE | SPLIT | KEEP_SEPARATE
G0471	clinical worsening in patients hospitalized with COVID-19 pneumonia	10	0.667	Mortality in hospitalized patients with Covid-19 | clinical worsening in patients hospitalized with COVID-19 pneumonia | mortality among critically ill patients with COVID-19 | COVID-19 | dexamethasone treatment for hospitalized COVID-19 | Reduced 28-day mortality in hospitalized COVID-19 | Reduced mortality in COVID-19 critical illness | Increased mortality in COVID-19 ARDS | Reduced in-hospital mortality in COVID-19 ARDS | Mortality due to COVID-19 pneumonia	CONFIRM_MERGE | SPLIT | KEEP_SEPARATE
G0477	lung ultrasound using the BLUE protocol	5	0.667	lung ultrasound using the BLUE protocol | BLUE protocol lung ultrasound | lung ultrasound | lung ultrasound (BLUE protocol) | BLUE protocol	CONFIRM_MERGE | SPLIT | KEEP_SEPARATE
G0479	successful discontinuation of mechanical ventilation	29	0.667	mechanical ventilation | weaning patients from mechanical ventilation | successful weaning from mechanical ventilation | injurious mechanical ventilation | duration of mechanical ventilation | Noninvasive mechanical ventilation | liberation from mechanical ventilation | protocol weaning of mechanical ventilation | Intraoperative protective mechanical ventilation | prolonged mechanical ventilation | weaning from mechanical ventilation | mechanical ventilation outcome | need for mechanical ventilation | use in patients receiving mechanical ventilation | Mechanical ventilation outcomes | Reduced duration of mechanical ventilation | Hyperoxia during mechanical ventilation | Longer duration of mechanical ventilation | Weaning methods from mechanical ventilation | Mechanical ventilation strategies | Mechanical ventilation strategy | successful discontinuation of mechanical ventilation | mechanical ventilation parameters | Requirement for mechanical ventilation | effect on mechanical ventilation | weaning success from mechanical ventilation | invasive mechanical ventilation | ventilation | Early predictors of mechanical ventilation	CONFIRM_MERGE | SPLIT | KEEP_SEPARATE
G0481	30-day mortality and postoperative pulmonary complications	8	0.667	mortality and pulmonary complications | perioperative pulmonary complications | occurrence of pulmonary complications | pulmonary complications | acute complications and mortality | Reduced pulmonary complications | Prevention of pulmonary complications | 30-day mortality and postoperative pulmonary complications	CONFIRM_MERGE | SPLIT | KEEP_SEPARATE
G0482	Corticosteroids treatment ards	3	0.667	corticosteroids | Corticosteroids for ARDS | Corticosteroids treatment ards	CONFIRM_MERGE | SPLIT | KEEP_SEPARATE
G0483	use of low tidal volume ventilation in teaching hospitals	16	0.6	intraoperative low-tidal-volume ventilation | lower tidal volume ventilation | low tidal volume ventilation 6ml/kg PBW | reduced tidal volume ventilation | high tidal volume ventilation | low tidal volume strategy | low tidal volume ventilation | large tidal volume ventilation | Adoption of low tidal volume ventilation | Mechanical ventilation with low tidal volume | Low vs Intermediate Tidal Volume Strategy | low tidal volume ventilation strategy | low tidal volume ventilator therapy | use of low tidal volume ventilation in teaching hospitals | low-tidal-volume ventilation | Ventilation strategy using low tidal volumes	CONFIRM_MERGE | SPLIT | KEEP_SEPARATE
G0484	transfer to an intensive care unit where early activity is a priority	7	0.667	early intensive care unit mobility therapy | intensive care unit outcomes | transfer to an intensive care unit where early activity is a priority | intensive care unit management | intensive care unit length of stay | intensive care unit | medical intensive care unit	CONFIRM_MERGE | SPLIT | KEEP_SEPARATE
G0485	days alive and ventilator-free during the first 28 days	11	0.667	Days alive and ventilator-free | ventilator-free days | Ventilator- and Vasopressor-Free Days | Increased ventilator-free days | Reduced ventilator-free days | Similar ventilator-free days | Ventilator- and vasopressor-free days in first 30 days | No change in mortality or ventilator-free days | Improved ventilator-free days | days alive and ventilator-free during the first 28 days | Statistical evaluation of ventilator-free days	CONFIRM_MERGE | SPLIT | KEEP_SEPARATE
G0487	survival and quality of life	4	0.667	survival and quality of life | quality of life | quality-adjusted survival | Quality of life assessment	CONFIRM_MERGE | SPLIT | KEEP_SEPARATE
G0488	Mechanical ventilation guided by esophageal pressure	2	0.6	Mechanical ventilation guided by esophageal pressure | esophageal pressure-guided PEEP titration	CONFIRM_MERGE | SPLIT | KEEP_SEPARATE
G0490	major adverse outcomes after major abdominal surgery	2	0.615	major adverse outcomes after major abdominal surgery | Reduced serious adverse events after major surgery	CONFIRM_MERGE | SPLIT | KEEP_SEPARATE
G0493	prolonged methylprednisolone therapy	3	0.667	prolonged methylprednisolone therapy | methylprednisolone therapy | Methylprednisolone	CONFIRM_MERGE | SPLIT | KEEP_SEPARATE
G0494	pulmonary-artery-catheter-guided-hemodynamic-management	8	0.667	Pulmonary-artery catheter | pulmonary artery catheter | early use of the pulmonary artery catheter | pulmonary-artery catheter-guided treatment | pulmonary-artery-catheter-guided-hemodynamic-management | Pulmonary artery catheter (PAC) | early use of pulmonary artery catheter | Pulmonary-artery versus central venous catheter	CONFIRM_MERGE | SPLIT | KEEP_SEPARATE
G0495	fluid responsiveness predicted by respiratory changes in inferior vena cava diameter	4	0.6	respiratory changes in inferior vena cava diameter monitoring | respiratory changes in inferior vena cava diameter | fluid responsiveness predicted by respiratory changes in inferior vena cava diameter | inferior vena cava	CONFIRM_MERGE | SPLIT | KEEP_SEPARATE
G0496	fluid responsiveness in ventilated septic patients	2	0.667	fluid responsiveness in ventilated septic patients | fluid responsiveness	CONFIRM_MERGE | SPLIT | KEEP_SEPARATE
G0497	Initial trophic vs full enteral feeding in patients with acute lung injury	10	0.667	trophic vs full enteral feeding | trophic versus full enteral feeding | initial trophic enteral feeding | trophic enteral feeding for first 6 days | Trophic vs full enteral feeding in first 6 days of mechanical ventilation | initial trophic versus full enteral feeding | Initial trophic vs full enteral feeding in patients with acute lung injury | enteral feeding | Full enteral feeding first 6d | Trophic enteral feeding first 6d	CONFIRM_MERGE | SPLIT | KEEP_SEPARATE
G0498	Survival at 6 months	6	0.667	survival | 5-year survival | ARDS survival | Improved survival | Survival at 6 months | in-hospital survival	CONFIRM_MERGE | SPLIT | KEEP_SEPARATE
G0502	early treatment with tocilizumab	2	0.667	Tocilizumab | early treatment with tocilizumab	CONFIRM_MERGE | SPLIT | KEEP_SEPARATE
G0503	hospitalization duration	2	0.667	hospitalization duration | hospitalization	CONFIRM_MERGE | SPLIT | KEEP_SEPARATE
G0505	enteral feeding with eicosapentaenoic acid, gamma-linolenic acid, and antioxidants	2	0.6	enteral feeding with eicosapentaenoic acid, gamma-linolenic acid, and antioxidants | gamma-linolenic acid	CONFIRM_MERGE | SPLIT | KEEP_SEPARATE
G0506	cellular repair mechanisms in ventilator-associated lung injury	11	0.667	ventilator-associated lung injury | prevention of ventilator-induced lung injury | ventilator-induced lung injury | trauma-associated lung injury | Reduced ventilator-induced lung injury in ARDS | ARDS-associated lung injury | cellular repair mechanisms in ventilator-associated lung injury | Prevention of ventilator-associated lung injury | Trauma-associated lung injury management | ventilator-induced lung injury prevention | ventilator-associated	CONFIRM_MERGE | SPLIT | KEEP_SEPARATE
G0511	postoperative morbidity and mortality rates	5	0.667	morbidity and mortality | postoperative morbidity and mortality rates | Morbidity and mortality rates | characteristics, morbidity, and mortality | morbidity	CONFIRM_MERGE | SPLIT | KEEP_SEPARATE
G0513	aerosolized synthetic surfactant	3	0.667	aerosolized surfactant | aerosolized synthetic surfactant | surfactant	CONFIRM_MERGE | SPLIT | KEEP_SEPARATE
G0516	Haloperidol and Ziprasidone	2	0.667	Haloperidol and Ziprasidone | Haloperidol	CONFIRM_MERGE | SPLIT | KEEP_SEPARATE
G0517	clinical phenotypes of delirium during critical illness	8	0.667	Treatment of Delirium in Critical Illness | outcome in critical illness | delirium in critical illness | critical illness | haloperidol for delirium in critical illness | delirium phenotyping in critical illness | Reconceptualization of critical illness | clinical phenotypes of delirium during critical illness	CONFIRM_MERGE | SPLIT | KEEP_SEPARATE
G0521	Rosuvastatin ards	2	0.667	Rosuvastatin | Rosuvastatin ards	CONFIRM_MERGE | SPLIT | KEEP_SEPARATE
G0523	COVID-19 complications	5	0.667	COVID-19 progression | severe COVID-19 | COVID-19 infection | COVID-19 complications | Covid-19 Pneumonia	CONFIRM_MERGE | SPLIT | KEEP_SEPARATE
G0526	volume status in ventilated septic patients	2	0.667	volume status in ventilated septic patients | volume status	CONFIRM_MERGE | SPLIT | KEEP_SEPARATE
G0527	Noninvasive ventilation delivered by helmet	6	0.667	Helmet Noninvasive Ventilation | Noninvasive ventilation delivered by helmet | early noninvasive ventilation | Noninvasive ventilation success | use of noninvasive ventilation | Noninvasive Ventilation vs Oxygen Therapy	CONFIRM_MERGE | SPLIT | KEEP_SEPARATE
G0529	simvastatin for ARDS	2	0.667	Simvastatin | simvastatin for ARDS	CONFIRM_MERGE | SPLIT | KEEP_SEPARATE
G0533	detection of hypoventilation by pulse oximetry	3	0.667	detection of hypoventilation by pulse oximetry | Detection of hypoventilation | pulse oximetry	CONFIRM_MERGE | SPLIT | KEEP_SEPARATE
G0535	Lung aeration and recruitment assessment by CT scan and ultrasound	5	0.667	CT Scan and Ultrasound assessment | computed tomography scan and lung ultrasound assessment | Lung aeration and recruitment assessment by CT scan and ultrasound | ultrasound assessment | CT Scan	CONFIRM_MERGE | SPLIT | KEEP_SEPARATE
G0536	Lung ultrasound for assessment of lung aeration and recruitment in ARDS	2	0.667	Lung aeration and recruitment | Lung ultrasound for assessment of lung aeration and recruitment in ARDS	CONFIRM_MERGE | SPLIT | KEEP_SEPARATE
G0538	PaCO2 levels	2	0.667	PaCO2 | PaCO2 levels	CONFIRM_MERGE | SPLIT | KEEP_SEPARATE
G0540	clinical outcomes of critically ill patients with COVID-19	3	0.6	clinical outcomes during the COVID-19 pandemic | clinical outcomes of critically ill patients with COVID-19 | Severe COVID-19 outcomes	CONFIRM_MERGE | SPLIT | KEEP_SEPARATE
G0541	extracorporeal CO2 removal	2	0.667	extracorporeal CO2 removal | Ecco2r co2 removal	CONFIRM_MERGE | SPLIT | KEEP_SEPARATE
G0542	feasibility and safety	3	0.667	feasibility and safety | feasibility | safety	CONFIRM_MERGE | SPLIT | KEEP_SEPARATE
G0543	Early venovenous ECMO	4	0.667	venovenous ECMO | ECMO | Early venovenous ECMO | Ecmo treatment	CONFIRM_MERGE | SPLIT | KEEP_SEPARATE
G0547	need for endotracheal intubation	5	0.667	Oral Endotracheal Intubation | endotracheal intubation | Rate of endotracheal intubation | need for endotracheal intubation | Reduced endotracheal intubation	CONFIRM_MERGE | SPLIT | KEEP_SEPARATE
G0553	identifying patients capable of breathing spontaneously	2	0.667	identifying patients capable of breathing spontaneously | breathing spontaneously	CONFIRM_MERGE | SPLIT | KEEP_SEPARATE
G0555	low-volume, pressure-limited ventilation with permissive hypercapnia	5	0.6	pressure- and volume-limited ventilation strategy | low-volume, pressure-limited ventilation with permissive hypercapnia | pressure- and volume-limited ventilation | Pressure-limited ventilation | Pressure volume limitation strategy pls	CONFIRM_MERGE | SPLIT | KEEP_SEPARATE
G0556	prevention of barotrauma	2	0.667	prevention of barotrauma | barotrauma	CONFIRM_MERGE | SPLIT | KEEP_SEPARATE
G0558	respiratory failure resulting from exacerbations of chronic obstructive pulmonary disease	4	0.667	respiratory failure resulting from exacerbations of chronic obstructive pulmonary disease | weaning of patients with respiratory failure due to chronic obstructive pulmonary disease | management of acute exacerbations of chronic obstructive pulmonary disease | chronic obstructive pulmonary disease	CONFIRM_MERGE | SPLIT | KEEP_SEPARATE
G0559	spontaneous breathing trials with T-tube or pressure support ventilation	4	0.615	spontaneous breathing trials with T-tube or pressure support ventilation | pressure support ventilation | T-tube spontaneous breathing trial | Airway pressure release ventilation with spontaneous breathing	CONFIRM_MERGE | SPLIT | KEEP_SEPARATE
G0560	extubation outcome	3	0.667	extubation outcome | outcome | extubation	CONFIRM_MERGE | SPLIT | KEEP_SEPARATE
G0561	Tidal volume reduction for ARDS	5	0.667	tidal volume reduction | tidal volume | high tidal volume | Tidal volume reduction for ARDS | ARDSnet tidal volume study	CONFIRM_MERGE | SPLIT | KEEP_SEPARATE
G0565	Methylprednisolone infusion in early severe ARDS	5	0.667	early severe ARDS | severe ARDS | Severe hypercapnia in ARDS | Methylprednisolone infusion in early severe ARDS | Nppv early ards	CONFIRM_MERGE | SPLIT | KEEP_SEPARATE
G0566	respiratory physiotherapy	3	0.667	Physiotherapy | respiratory physiotherapy | Physiotherapy target	CONFIRM_MERGE | SPLIT | KEEP_SEPARATE
G0570	long-term survival	4	0.667	long-term effects | long-term survival | long-term outcome | long-term outcomes	CONFIRM_MERGE | SPLIT | KEEP_SEPARATE
G0580	Sustained neuromuscular blockade	2	0.667	Sustained neuromuscular blockade | Scheduled neuromuscular blockade	CONFIRM_MERGE | SPLIT | KEEP_SEPARATE
G0585	severe sepsis with respiratory dysfunction	8	0.667	treatment of severe sepsis | severe sepsis with respiratory dysfunction | outcome of severe sepsis | severe sepsis | Incidence of severe sepsis in Finland | Treatment for severe sepsis | Incidence of severe sepsis | Sepsis	CONFIRM_MERGE | SPLIT | KEEP_SEPARATE
G0588	Inspiratory Pressure Augmentation During Spontaneous Breathing Trials, Protocols Minimizing Sedation, and Noninvasive Ventilation Immediately After Extubation	2	0.636	Inspiratory Pressure Augmentation During Spontaneous Breathing Trials, Protocols Minimizing Sedation, and Noninvasive Ventilation Immediately After Extubation | inspiratory pressure augmentation during spontaneous breathing trials	CONFIRM_MERGE | SPLIT | KEEP_SEPARATE
G0589	aerosolized β₂-agonist	2	0.667	aerosolized β₂-agonist | aerosolized β2-agonist	CONFIRM_MERGE | SPLIT | KEEP_SEPARATE
G0590	Intraoperative high-dose dexamethasone for cardiac surgery	4	0.667	high-dose dexamethasone | intraoperative high-dose dexamethasone | high-dose dexamethasone administered intraoperatively | Intraoperative high-dose dexamethasone for cardiac surgery	CONFIRM_MERGE | SPLIT | KEEP_SEPARATE
G0594	weaning time and incidence of ventilator-associated pneumonia	7	0.667	weaning time and incidence of ventilator-associated pneumonia | occurrence of ventilator-associated pneumonia | ventilator-associated pneumonia management | incidence of ventilator-associated pneumonia | ventilator-associated pneumonia incidence | Elevated incidence of ventilator-associated pneumonia | ventilator-associated pneumonia	CONFIRM_MERGE | SPLIT | KEEP_SEPARATE
G0595	titrating positive end-expiratory pressure (PEEP) with an esophageal pressure-guided strategy	3	0.667	titrating positive end-expiratory pressure (PEEP) with an esophageal pressure-guided strategy | esophageal pressure-guided PEEP titration strategy | Effect of Titrating Positive End-Expiratory Pressure	CONFIRM_MERGE | SPLIT | KEEP_SEPARATE
G0596	death before hospital discharge and days free from mechanical ventilation during the first 28 days	4	0.625	death and days free from mechanical ventilation | mechanical ventilation or death by day 28 | composite of death and days free from mechanical ventilation at 28 days | death before hospital discharge and days free from mechanical ventilation during the first 28 days	CONFIRM_MERGE | SPLIT | KEEP_SEPARATE
G0602	computer-driven protocolized weaning from mechanical ventilation	2	0.6	computer-driven protocolized weaning from mechanical ventilation | Computer-driven weaning protocol	CONFIRM_MERGE | SPLIT | KEEP_SEPARATE
G0603	Decreased weaning success	6	0.667	weaning success rate | weaning success | Decreased weaning success | Increased weaning rate | Treatment success rate | Extubation success rate	CONFIRM_MERGE | SPLIT | KEEP_SEPARATE
G0605	physiologic effects	2	0.667	physiologic effects | Physiologic	CONFIRM_MERGE | SPLIT | KEEP_SEPARATE
G0606	Noninvasive ventilation during persistent weaning failure	3	0.667	persistent weaning failure | weaning failure | Noninvasive ventilation during persistent weaning failure	CONFIRM_MERGE | SPLIT | KEEP_SEPARATE
G0608	hospital length of stay	3	0.667	hospital length of stay | Longer hospital stay | Reduced hospital stay	CONFIRM_MERGE | SPLIT | KEEP_SEPARATE
G0611	inflammatory response	2	0.667	inflammatory response | Inflammatory	CONFIRM_MERGE | SPLIT | KEEP_SEPARATE
G0619	Rehabilitation Protocols, Ventilator Liberation Protocols, and Cuff Leak Tests	3	0.6	ventilator liberation protocols | Improved ventilator liberation | Rehabilitation Protocols, Ventilator Liberation Protocols, and Cuff Leak Tests	CONFIRM_MERGE | SPLIT | KEEP_SEPARATE
G0620	noninvasive ventilation as a systematic extubation and weaning technique	2	0.6	systematic extubation and weaning success | noninvasive ventilation as a systematic extubation and weaning technique	CONFIRM_MERGE | SPLIT | KEEP_SEPARATE
G0624	initial trophic versus full-energy enteral nutrition	3	0.667	initial trophic versus full-energy enteral nutrition | initial trophic enteral nutrition | trophic enteral nutrition for initial 6 days	CONFIRM_MERGE | SPLIT | KEEP_SEPARATE
G0625	Recombinant Human Soluble Thrombomodulin on Mortality in Patients With Sepsis-Associated Coagulopathy	2	0.667	recombinant human soluble thrombomodulin | Recombinant Human Soluble Thrombomodulin on Mortality in Patients With Sepsis-Associated Coagulopathy	CONFIRM_MERGE | SPLIT | KEEP_SEPARATE
G0630	Survival in the first year	3	0.667	two year survival | Improved 5-year survival | Survival in the first year	CONFIRM_MERGE | SPLIT | KEEP_SEPARATE
G0631	Bilevel positive airway pressure (BPV) for acute asthmatic attack	3	0.667	bilevel positive airway pressure | prophylactic nasal continuous positive airway pressure | Bilevel positive airway pressure (BPV) for acute asthmatic attack	CONFIRM_MERGE | SPLIT | KEEP_SEPARATE
G0635	status asthmaticus inflammatory profile	3	0.667	status asthmaticus | status asthmaticus inflammatory profile | asthmaticus	CONFIRM_MERGE | SPLIT | KEEP_SEPARATE
G0636	Benefits and risks of success or failure	4	0.667	success or failure | treatment failure | success or failure of ventilation | Benefits and risks of success or failure	CONFIRM_MERGE | SPLIT | KEEP_SEPARATE
G0639	intensive physical therapy program	2	0.667	intensive physical therapy program | Intensive PT program	CONFIRM_MERGE | SPLIT | KEEP_SEPARATE
G0640	Reintubation requirement	6	0.667	Reintubation | reintubation outcome | need for reintubation | Reintubation rate | Reintubation 48h | Reintubation requirement	CONFIRM_MERGE | SPLIT | KEEP_SEPARATE
G0644	low doses of corticosteroids	2	0.667	low doses of corticosteroids | low-dose corticosteroids	CONFIRM_MERGE | SPLIT | KEEP_SEPARATE
G0645	incidence of acute respiratory distress syndrome and severity of multiple organ dysfunction in patients with septic shock	2	0.6	effect in septic shock patients with or without early acute respiratory distress syndrome | incidence of acute respiratory distress syndrome and severity of multiple organ dysfunction in patients with septic shock	CONFIRM_MERGE | SPLIT | KEEP_SEPARATE
G0652	reintubation after scheduled extubation	2	0.667	scheduled extubation | reintubation after scheduled extubation	CONFIRM_MERGE | SPLIT | KEEP_SEPARATE
G0653	Effects of patient-directed music intervention on anxiety and sedative exposure	4	0.667	patient-directed music intervention | patient-directed music | Effects of patient-directed music intervention on anxiety and sedative exposure | Patient directed music pdm	CONFIRM_MERGE | SPLIT | KEEP_SEPARATE
G0657	outcome in patients with septic shock	3	0.667	outcome in patients with septic shock | septic shock | Septic shock hypovolemia	CONFIRM_MERGE | SPLIT | KEEP_SEPARATE
G0660	arterial hyperoxia	2	0.667	arterial hyperoxia | Hyperoxia	CONFIRM_MERGE | SPLIT | KEEP_SEPARATE
G0663	use of noninvasive ventilation in French intensive care units	3	0.667	use in French intensive care units | use of noninvasive ventilation in French intensive care units | Admission to intensive care units	CONFIRM_MERGE | SPLIT | KEEP_SEPARATE
G0665	computed tomography scan and lung ultrasound	4	0.667	computed tomography scan assessment | computed tomography scan | computed tomography scan and lung ultrasound | computed tomography	CONFIRM_MERGE | SPLIT | KEEP_SEPARATE
G0666	Inspiratory muscle strength training improves weaning outcome in failure to wean patients	2	0.615	Inspiratory muscle strength training | Inspiratory muscle strength training improves weaning outcome in failure to wean patients	CONFIRM_MERGE | SPLIT | KEEP_SEPARATE
G0667	Improved weaning outcome	3	0.667	weaning outcome | Improved weaning outcome | weaning	CONFIRM_MERGE | SPLIT | KEEP_SEPARATE
G0668	Effects of systematic prone positioning in hypoxemic acute respiratory failure	3	0.625	effects of increasing flow rates on acute hypoxemic respiratory failure | physiological effects of increasing flow rates | Effects of systematic prone positioning in hypoxemic acute respiratory failure	CONFIRM_MERGE | SPLIT | KEEP_SEPARATE
G0676	Increased ambulation	2	0.667	ambulation | Increased ambulation	CONFIRM_MERGE | SPLIT | KEEP_SEPARATE
G0680	outcome during endotracheal intubation in hypoxemic patients	3	0.667	outcome during endotracheal intubation in hypoxemic patients | oxygen saturation during endotracheal intubation | Oxygenation during endotracheal intubation	CONFIRM_MERGE | SPLIT | KEEP_SEPARATE
G0684	Improvement in respiratory function	7	0.667	lung function improvement | Improved lung function | lung function | Respiratory function improvement | Improvement in respiratory function | Improvement in lung function | Pulmonary function improvement	CONFIRM_MERGE | SPLIT | KEEP_SEPARATE
G0686	Early tocilizumab treatment in COVID-19 critical illness	3	0.6	severe or critical COVID-19 | Early tocilizumab treatment in COVID-19 critical illness | intensive care management for severe COVID-19	CONFIRM_MERGE | SPLIT | KEEP_SEPARATE
G0689	decremental positive end-expiratory pressure levels	2	0.667	decremental positive end-expiratory pressure levels | end-expiratory pressure	CONFIRM_MERGE | SPLIT | KEEP_SEPARATE
G0691	Strategies to reduce postoperative pulmonary complications after noncardiothoracic surgery	3	0.615	pulmonary complications after abdominal surgery | Reduced pulmonary complications after abdominal surgery | Strategies to reduce postoperative pulmonary complications after noncardiothoracic surgery	CONFIRM_MERGE | SPLIT | KEEP_SEPARATE
G0693	postoperative respiratory failure	5	0.667	adult respiratory failure | treat respiratory failure | postoperative respiratory failure | Reduced respiratory failure | Incidence of respiratory failure	CONFIRM_MERGE | SPLIT | KEEP_SEPARATE
G0706	varying levels of pressure support and neurally adjusted ventilatory assist	3	0.615	varying levels of pressure support and neurally adjusted ventilatory assist | neurally adjusted ventilatory assist | neurally adjusted ventilatory assist (NAVA)	CONFIRM_MERGE | SPLIT | KEEP_SEPARATE
G0708	Prevention of endotracheal suctioning-induced alveolar derecruitment	3	0.667	endotracheal suctioning prevention | endotracheal suctioning | Prevention of endotracheal suctioning-induced alveolar derecruitment	CONFIRM_MERGE | SPLIT | KEEP_SEPARATE
G0709	No reduction in intubation risk	5	0.667	risk of intubation | No reduction in intubation risk | Increased intubation risk hfnc | Increased intubation risk niv | No reduction intubation risk	CONFIRM_MERGE | SPLIT | KEEP_SEPARATE
G0710	use of sedatives and neuromuscular blockers in mechanical ventilation	4	0.667	use of sedatives and neuromuscular blockers in mechanical ventilation | sedatives and neuromuscular blockers | use of sedatives and neuromuscular blockers | Use of neuromuscular blockers	CONFIRM_MERGE | SPLIT | KEEP_SEPARATE
G0711	hemodynamic effects	2	0.667	hemodynamic effects | hemodynamic	CONFIRM_MERGE | SPLIT | KEEP_SEPARATE
G0713	prevalence, etiologies and outcome of acute respiratory distress syndrome among hypoxemic ventilated patients	2	0.632	outcome of mechanically ventilated patients with moderate or severe acute respiratory distress syndrome | prevalence, etiologies and outcome of acute respiratory distress syndrome among hypoxemic ventilated patients	CONFIRM_MERGE | SPLIT | KEEP_SEPARATE
G0716	Respiratory function measurement	3	0.667	respiratory function | Respiratory function measurement | Respiratory	CONFIRM_MERGE | SPLIT | KEEP_SEPARATE
G0717	unintended exposure to high tidal volumes from breath stacking dyssynchrony	3	0.6	high tidal volumes from breath stacking dyssynchrony | unintended exposure to high tidal volumes from breath stacking dyssynchrony | Quantification of breath stacking dyssynchrony	CONFIRM_MERGE | SPLIT | KEEP_SEPARATE
G0719	Pressure limitation with permissive hypercapnia	3	0.667	permissive hypercapnia | Pressure limitation with permissive hypercapnia | hypercapnia	CONFIRM_MERGE | SPLIT | KEEP_SEPARATE
G0728	death or hospital discharge with severe disability or coma	3	0.667	death or severe disability at 6 months | death or hospital discharge with severe disability or coma | Composite death or severe disability 90d	CONFIRM_MERGE | SPLIT | KEEP_SEPARATE
G0730	Severity of subsequent long-term cognitive impairment	4	0.667	long-term cognitive impairment | long-term cognitive impairment severity | Severity of subsequent long-term cognitive impairment | cognitive impairment	CONFIRM_MERGE | SPLIT | KEEP_SEPARATE
G0737	restrictive strategy of red blood cell transfusion	3	0.667	restrictive transfusion strategy | Restrictive red blood cell transfusion strategy | restrictive strategy of red blood cell transfusion	CONFIRM_MERGE | SPLIT | KEEP_SEPARATE
G0738	ICU and hospital mortality	5	0.667	ICU mortality | ICU treatment | Increased ICU mortality | ICU and hospital mortality | ICU	CONFIRM_MERGE | SPLIT | KEEP_SEPARATE
G0739	Death before discharge home or before 28 days	2	0.667	death before discharge home by day 60 | Death before discharge home or before 28 days	CONFIRM_MERGE | SPLIT | KEEP_SEPARATE
G0740	correlation and agreement between SpO2/FIO2 ratio and PaO2/FIO2 ratio	7	0.6	SpO2/FIO2 ratio | PaO2/FIO2 ratio | SpO2/FIO2 ratio as surrogate for PaO2/FIO2 ratio in ALI/ARDS | Comparison of the SpO2/FIO2 ratio and the PaO2/FIO2 ratio | SpO2/FIO2 ratio and PaO2/FIO2 ratio | pulse oximetry (SpO2/FIO2 ratio) | correlation and agreement between SpO2/FIO2 ratio and PaO2/FIO2 ratio	CONFIRM_MERGE | SPLIT | KEEP_SEPARATE
G0741	Handgrip strength measurement	3	0.667	handgrip strength | Handgrip strength measurement | handgrip	CONFIRM_MERGE | SPLIT | KEEP_SEPARATE
G0744	The value of blood lactate kinetics in critically ill patients	4	0.667	blood lactate kinetics | blood lactate kinetics monitoring | blood lactate levels | The value of blood lactate kinetics in critically ill patients	CONFIRM_MERGE | SPLIT | KEEP_SEPARATE
G0745	incidence, clinical course, and outcome	5	0.667	clinical outcome | incidence, clinical course, and outcome | Clinical features and outcome of ARDS | clinical trial | clinical study	CONFIRM_MERGE | SPLIT | KEEP_SEPARATE
G0748	early corticosteroid therapy on ICU admission	7	0.667	ICU admission | early corticosteroid therapy on ICU admission | cancer requiring ICU admission | ICU admission for severe CAP | ICU admission outcomes | Icu admission severe cap | Medical complication icu admission	CONFIRM_MERGE | SPLIT | KEEP_SEPARATE
G0752	change in oxygenation and fluid balance	2	0.667	change in oxygenation | change in oxygenation and fluid balance	CONFIRM_MERGE | SPLIT | KEEP_SEPARATE
G0758	validation and utility of ARDS subphenotypes	2	0.667	ARDS subphenotypes | validation and utility of ARDS subphenotypes	CONFIRM_MERGE | SPLIT | KEEP_SEPARATE
G0763	ability of pulse pressure variation to predict fluid responsiveness	5	0.615	prediction of fluid responsiveness by pulse pressure variations | Fluid responsiveness prediction | Prediction of fluid responsiveness | Pulse pressure variations | ability of pulse pressure variation to predict fluid responsiveness	CONFIRM_MERGE | SPLIT | KEEP_SEPARATE
G0764	Lymphopenia on admission	2	0.667	lymphopenia | Lymphopenia on admission	CONFIRM_MERGE | SPLIT | KEEP_SEPARATE
G0765	Lung expansion interventions	2	0.667	lung expansion modalities | Lung expansion interventions	CONFIRM_MERGE | SPLIT | KEEP_SEPARATE
G0766	physical complications	2	0.667	physical complications | physical	CONFIRM_MERGE | SPLIT | KEEP_SEPARATE
G0770	clinical practice guideline recommendations	2	0.667	clinical practice guideline recommendations | Clinical Practice	CONFIRM_MERGE | SPLIT | KEEP_SEPARATE
G0771	resectional surgery	2	0.667	resectional surgery | surgery	CONFIRM_MERGE | SPLIT | KEEP_SEPARATE
G0778	Ventilatory variables and mechanical power	2	0.667	mechanical power | Ventilatory variables and mechanical power	CONFIRM_MERGE | SPLIT | KEEP_SEPARATE
G0779	Increased in-hospital mortality	8	0.667	hospital mortality | in-hospital mortality | Increased in-hospital mortality | Reduced hospital mortality | High hospital mortality | hospital and 90-day mortality | hospital or 30-day mortality | in-hospital	CONFIRM_MERGE | SPLIT | KEEP_SEPARATE
G0784	Assessment of diaphragmatic dysfunction in the critically ill patient with ultrasound	5	0.667	diaphragmatic dysfunction assessment | Detect diaphragmatic dysfunction | diaphragmatic dysfunction | assessment of diaphragmatic dysfunction | Assessment of diaphragmatic dysfunction in the critically ill patient with ultrasound	CONFIRM_MERGE | SPLIT | KEEP_SEPARATE
G0785	not reported in provided abstract	3	0.667	not reported | not reported in abstract | not reported in provided abstract	CONFIRM_MERGE | SPLIT | KEEP_SEPARATE
G0786	low-frequency fatigue of the diaphragm	3	0.667	low-frequency fatigue of the diaphragm | Diaphragm fatigue | fatigue of the diaphragm	CONFIRM_MERGE | SPLIT | KEEP_SEPARATE
G0787	American journal of respiratory and critical care medicine	4	0.667	critical care medicine | American journal of respiratory and critical care medicine | critical care | Intensive care medicine	CONFIRM_MERGE | SPLIT | KEEP_SEPARATE
G0794	quality-adjusted survival in the first year after acute respiratory distress syndrome	2	0.667	quality-adjusted survival in the first year | quality-adjusted survival in the first year after acute respiratory distress syndrome	CONFIRM_MERGE | SPLIT | KEEP_SEPARATE
G0795	respiratory mechanics in ventilator-dependent patients	2	0.667	respiratory mechanics | respiratory mechanics in ventilator-dependent patients	CONFIRM_MERGE | SPLIT | KEEP_SEPARATE
G0799	early bronchoscopy and bronchoalveolar lavage diagnostic strategy	3	0.6	early bronchoscopy and bronchoalveolar lavage diagnostic strategy | Fiberoptic bronchoscopy with bronchoalveolar lavage | Fiberoptic bronchoscopy and bronchoalveolar lavage	CONFIRM_MERGE | SPLIT | KEEP_SEPARATE
G0800	Avoidance of intubation complications	5	0.667	intubation avoidance | Avoidance of intubation | Avoidance of intubation in COPD | Avoidance of intubation complications | Hfnc for cards avoidance intubation	CONFIRM_MERGE | SPLIT | KEEP_SEPARATE
G0808	31-day survival	2	0.667	31-day survival | 15-day survival	CONFIRM_MERGE | SPLIT | KEEP_SEPARATE
G0811	erythropoietin response	2	0.667	erythropoietin | erythropoietin response	CONFIRM_MERGE | SPLIT | KEEP_SEPARATE
G0817	Time to 2-point clinical improvement	2	0.667	clinical improvement | Time to 2-point clinical improvement	CONFIRM_MERGE | SPLIT | KEEP_SEPARATE
G0818	hypercapnic acidosis	2	0.667	hypercapnic acidosis | hypercapnic	CONFIRM_MERGE | SPLIT | KEEP_SEPARATE
G0822	Fluid Response Evaluation in Sepsis Hypotension and Shock	2	0.667	fluid response evaluation | Fluid Response Evaluation in Sepsis Hypotension and Shock	CONFIRM_MERGE | SPLIT | KEEP_SEPARATE
G0832	Carbon dioxide and the critically ill	4	0.667	carbon dioxide | Carbon dioxide administration | Arterial carbon dioxide levels | Carbon dioxide and the critically ill	CONFIRM_MERGE | SPLIT | KEEP_SEPARATE
G0833	clinical and biological characteristics	2	0.667	clinical and biological characteristics | Clinical and biological differences	CONFIRM_MERGE | SPLIT | KEEP_SEPARATE
G0835	Restrictive oxygen target (Pao2 9-10 kPa)	2	0.667	restrictive oxygen target | Restrictive oxygen target (Pao2 9-10 kPa)	CONFIRM_MERGE | SPLIT | KEEP_SEPARATE
G0838	twitch transdiaphragmatic pressure, esophageal pressure, and endotracheal tube pressure	3	0.667	twitch transdiaphragmatic pressure | twitch transdiaphragmatic, esophageal, and endotracheal tube pressure | twitch transdiaphragmatic pressure, esophageal pressure, and endotracheal tube pressure	CONFIRM_MERGE | SPLIT | KEEP_SEPARATE
G0841	Respiratory response and inspiratory effort during pressure support ventilation	2	0.667	respiratory response and inspiratory effort | Respiratory response and inspiratory effort during pressure support ventilation	CONFIRM_MERGE | SPLIT | KEEP_SEPARATE
G0848	incidence of delirium	7	0.667	delirium | Delirium duration | Delirium incidence | Delirium prediction | Delirium resolution | incidence of delirium | delirium occurrence	CONFIRM_MERGE | SPLIT | KEEP_SEPARATE
G0854	muscle weakness	2	0.667	muscle weakness | weakness	CONFIRM_MERGE | SPLIT | KEEP_SEPARATE
G0856	Extravascular lung water in patients with severe sepsis	4	0.667	extravascular lung water measurement | extravascular lung water | measurement of extravascular lung water | Extravascular lung water in patients with severe sepsis	CONFIRM_MERGE | SPLIT | KEEP_SEPARATE
G0863	Composite of pulmonary and systemic complications during the first 7 postoperative days	2	0.667	Composite of pulmonary and systemic complications during the first 7 postoperative days | Composite of severe postoperative pulmonary complications within 7 postoperative days	CONFIRM_MERGE | SPLIT | KEEP_SEPARATE
G0869	Identification of ARDS phenotypes in COVID-19	4	0.6	Thrombotic complications in COVID-19 ARDS | Dexamethasone for COVID-19-associated ARDS | COVID-19 associated ARDS | Identification of ARDS phenotypes in COVID-19	CONFIRM_MERGE | SPLIT | KEEP_SEPARATE
G0874	Daily screening and trials of spontaneous breathing	2	0.667	once-daily spontaneous breathing trial | Daily screening and trials of spontaneous breathing	CONFIRM_MERGE | SPLIT | KEEP_SEPARATE
G0876	ARDS hyperinflammatory subphenotype	2	0.667	ARDS subphenotype identification | ARDS hyperinflammatory subphenotype	CONFIRM_MERGE | SPLIT | KEEP_SEPARATE
G0877	Expanded Berlin ARDS definition to include HFNO	7	0.667	Berlin definition for ARDS | Expanded Berlin ARDS definition to include HFNO | Berlin definition | inclusion of patients in ARDS definition | Berlin definition ards severity criteria | Berlin definition criteria for ards | Delphi ards definition	CONFIRM_MERGE | SPLIT | KEEP_SEPARATE
G0878	Improved interobserver agreement for ARDS diagnosis	9	0.667	Improved ARDS diagnosis | ARDS diagnosis threshold | Improved interobserver agreement for ARDS diagnosis | ARDS diagnosis accuracy | Improved outcome in ARDS | Improved survival in ARDS | Improved ards outcomes | Improved outcome ards | Improved physiology ards	CONFIRM_MERGE | SPLIT | KEEP_SEPARATE
G0880	Experimental ventilation strategy for ARDS	2	0.667	Experimental ventilation strategy for ARDS | ventilation strategy	CONFIRM_MERGE | SPLIT | KEEP_SEPARATE
G0881	early activity protocol in respiratory ICU	2	0.667	Early ICU mobility therapy protocol | early activity protocol in respiratory ICU	CONFIRM_MERGE | SPLIT | KEEP_SEPARATE
G0883	Improved oxygenation and ventilation distribution	9	0.667	Improved oxygenation | Improved oxygenation (PaO2/FiO2SET) | Improved oxygenation during 24h | Improved oxygenation at 120h | Improved oxygenation at 10 minutes | Improved oxygenation and ventilation distribution | Improved oxygenation index | Improved oxygenation parameters | Improved oxygenation at 24 hours	CONFIRM_MERGE | SPLIT | KEEP_SEPARATE
G0884	Treatment protocol for acute chest syndrome in sickle cell disease	2	0.6	Treatment protocol for acute chest syndrome in sickle cell disease | sickle cell disease	CONFIRM_MERGE | SPLIT | KEEP_SEPARATE
G0887	Improved PaO2:FiO2 ratio within 1 hour	6	0.6	Improved PaO2:FiO2 ratio within 1 hour | Improved PaO2/FiO2 ratio | Improved pao2 fio2 | Improved pao2 fio2 ratio | Improved pao2 fio2 ratio 1h | Increased ratio pao2 fio2	CONFIRM_MERGE | SPLIT | KEEP_SEPARATE
G0889	RESP score for ECMO survival prediction	2	0.667	RESP score for ECMO survival prediction | Improved ECMO survival prediction	CONFIRM_MERGE | SPLIT | KEEP_SEPARATE
G0893	Reduced worse clinical status on WHO-CPS at day 28	3	0.667	Reduced WHO-CPS >5 at day 4 | Reduced worse clinical status on WHO-CPS at day 28 | Reduced who cps above 5 day4	CONFIRM_MERGE | SPLIT | KEEP_SEPARATE
G0898	Accuracy of ICU-acquired weakness diagnosis	2	0.667	ICU-acquired paresis diagnosis | Accuracy of ICU-acquired weakness diagnosis	CONFIRM_MERGE | SPLIT | KEEP_SEPARATE
G0902	Reduced duration of endotracheal mechanical ventilation	6	0.6	Reduced need for intubation and mechanical ventilation | Reduced need for intubation | Reduced need for endotracheal mechanical ventilation | Reduced duration of endotracheal mechanical ventilation | need for endotracheal intubation/mechanical ventilation | Reduced need for intubation copd exacerbation	CONFIRM_MERGE | SPLIT | KEEP_SEPARATE
G0910	Peak cough flow threshold for extubation/decannulation	2	0.667	Peak cough flow threshold for extubation/decannulation | Peak cough flow threshold 160 lmin	CONFIRM_MERGE | SPLIT | KEEP_SEPARATE
G0911	Successful extubation and tracheostomy decannulation	2	0.667	Successful extubation and tracheostomy decannulation | Successful extubation	CONFIRM_MERGE | SPLIT | KEEP_SEPARATE
G0912	Days alive without delirium or coma	2	0.667	Days alive without delirium or coma | delirium/coma-free days	CONFIRM_MERGE | SPLIT | KEEP_SEPARATE
G0913	Reduced treatment failure in severe pneumonia	2	0.667	Reduced treatment failure in severe pneumonia | Reduced treatment failure	CONFIRM_MERGE | SPLIT | KEEP_SEPARATE
G0919	Ards respiratory illness severity	3	0.667	ARDS severity | Reduced ARDS severity by day 7 | Ards respiratory illness severity	CONFIRM_MERGE | SPLIT | KEEP_SEPARATE
G0928	Increased 31-day mortality	2	0.667	Increased mortality | Increased 31-day mortality	CONFIRM_MERGE | SPLIT | KEEP_SEPARATE
G0938	Feasibility of ARDS management	2	0.667	Feasibility of ARDS management | Feasible ards management	CONFIRM_MERGE | SPLIT | KEEP_SEPARATE
G0944	Dysphagia in ARDS survivors after intubation	4	0.667	Dysphagia in ARDS survivors after intubation | Dysphagia symptoms in ARDS survivors | Delayed dysphagia recovery ards survivors | Dysphagia symptoms ards survivors	CONFIRM_MERGE | SPLIT | KEEP_SEPARATE
G0945	procalcitonin ards biomarker	2	0.667	procalcitonin ards biomarker | Neopterin ards biomarker	CONFIRM_MERGE | SPLIT | KEEP_SEPARATE
G0947	Molecular phenotypes in sepsis	2	0.667	Sepsis molecular phenotyping | Molecular phenotypes in sepsis	CONFIRM_MERGE | SPLIT | KEEP_SEPARATE
G0956	supportive care for ARDS	2	0.667	supportive care for ARDS | Ards costs of care	CONFIRM_MERGE | SPLIT | KEEP_SEPARATE
G0957	Reduced hospital mortality in OHS vs COPD	2	0.667	Reduced mortality in COPD exacerbation | Reduced hospital mortality in OHS vs COPD	CONFIRM_MERGE | SPLIT | KEEP_SEPARATE
G0960	Liberation From Mechanical Ventilation in Critically Ill Adults	3	0.6	Physiotherapy for critically ill adults | Recommendations for physiotherapy in critically ill patients | Liberation From Mechanical Ventilation in Critically Ill Adults	CONFIRM_MERGE | SPLIT | KEEP_SEPARATE
G0962	Increased proportion of patients successfully treated with noninvasive ventilation	2	0.6	Increased use of noninvasive ventilation | Increased proportion of patients successfully treated with noninvasive ventilation	CONFIRM_MERGE | SPLIT | KEEP_SEPARATE
G0971	Reduced intubation rate hypercapnic subgroup	6	0.667	Reduced intubation rate in ARDS | Reduced intubation rate | Reduced endotracheal intubation rate | Reduced ards | Reduced intubation rate ards | Reduced intubation rate hypercapnic subgroup	CONFIRM_MERGE | SPLIT | KEEP_SEPARATE
G0972	Reduced reintubation at 7 days	5	0.667	Reduced reintubation rate | Reduced reintubation at 7 days | Reduced VAP rate | Reduced reintubation 72h | Reduced reintubation 7d	CONFIRM_MERGE | SPLIT | KEEP_SEPARATE
G0977	Reduced life-threatening intubation complications	3	0.6	Reduced life-threatening intubation complications | Reduced life threatening intubation complications | Reduced mild moderate intubation complications	CONFIRM_MERGE | SPLIT | KEEP_SEPARATE
G0980	Preoperative physiologic assessment for lung cancer resection	4	0.667	Preoperative physiologic assessment for lung cancer resection | Preoperative risk assessment for lung cancer resection | Dlco assessment lung cancer | Preop risk assessment lung cancer resection	CONFIRM_MERGE | SPLIT | KEEP_SEPARATE
G0986	PEEP titration guided by respiratory system compliance in ARDS	3	0.667	Respiratory system compliance | PEEP titration guided by respiratory system compliance in ARDS | Improved respiratory compliance	CONFIRM_MERGE | SPLIT | KEEP_SEPARATE
G0992	Intravenous N-acetylcysteine (NAC)	2	0.667	N-acetylcysteine (NAC) for ARDS | Intravenous N-acetylcysteine (NAC)	CONFIRM_MERGE | SPLIT | KEEP_SEPARATE
G1017	Prone positioning during pressure-controlled mechanical ventilation	2	0.615	Prone positioning during pressure-controlled mechanical ventilation | Limiting plateau pressure during mechanical ventilation	CONFIRM_MERGE | SPLIT | KEEP_SEPARATE
G1027	Reduced ARDS incidence at 7 days	12	0.667	Reduced ARDS incidence | Increased incidence of ARDS | Reduced ARDS incidence at 7 days | Reduced progression to ARDS | Incidence of ARDS | Ards incidence reduction | Increased ards incidence | Reduced ards incidence 7d | Reduced inflammation ards | Reduced progression ards | Reduced vap incidence | Reduced vili ards	CONFIRM_MERGE | SPLIT | KEEP_SEPARATE
G1034	tracheostomy tube	2	0.667	Tracheostomy | tracheostomy tube	CONFIRM_MERGE | SPLIT | KEEP_SEPARATE
G1056	PEEP and FiO2 titration to identify ARDS severity	2	0.6	PEEP and FiO2 titration to identify ARDS severity | Systematic peep fio2 titration	CONFIRM_MERGE | SPLIT | KEEP_SEPARATE
G1086	Reduced severe postoperative ppcs 7d	2	0.6	Reduced severe PPCs within 7 days | Reduced severe postoperative ppcs 7d	CONFIRM_MERGE | SPLIT | KEEP_SEPARATE
G1111	Prevalence of PTSD in ICU survivors	2	0.667	Prevalence of PTSD in ICU survivors | survivors of ICU treatment	CONFIRM_MERGE | SPLIT | KEEP_SEPARATE
G1117	Corticosteroids prevention ards	2	0.667	Aspirin for ARDS prevention | Corticosteroids prevention ards	CONFIRM_MERGE | SPLIT | KEEP_SEPARATE
G1119	use of sedatives	2	0.667	use of sedatives | sedatives	CONFIRM_MERGE | SPLIT | KEEP_SEPARATE
G1124	prevention of unplanned extubation	3	0.667	prevention of unplanned extubation | Unplanned extubation | incidence of unplanned extubation	CONFIRM_MERGE | SPLIT | KEEP_SEPARATE
G1132	The impact of patient positioning on pressure ulcers in patients with severe ARDS	2	0.6	Prone positioning in severe ARDS | The impact of patient positioning on pressure ulcers in patients with severe ARDS	CONFIRM_MERGE | SPLIT | KEEP_SEPARATE
G1135	Matrix metalloproteinase and TIMP regulation in ARDS	2	0.667	Matrix metalloproteinase and TIMP regulation in ARDS | Matrix metalloproteinase balance ards	CONFIRM_MERGE | SPLIT | KEEP_SEPARATE
G1137	Advances in Diagnosis and Treatment	2	0.667	Advances in Diagnosis and Treatment | Diagnosis	CONFIRM_MERGE | SPLIT | KEEP_SEPARATE
G1139	Transfusion requirements	2	0.667	Transfusion | Transfusion requirements	CONFIRM_MERGE | SPLIT | KEEP_SEPARATE
G1149	interobserver variation in interpreting chest radiographs for diagnosis of acute respiratory distress syndrome	2	0.667	Interobserver variation in interpreting chest radiographs | interobserver variation in interpreting chest radiographs for diagnosis of acute respiratory distress syndrome	CONFIRM_MERGE | SPLIT | KEEP_SEPARATE
G1162	Surfactant composition and function	2	0.667	Surfactant composition and function | Altered surfactant composition	CONFIRM_MERGE | SPLIT | KEEP_SEPARATE
G1167	prevalence of acute respiratory distress syndrome phenotypes in critically ill patients with COVID-19	2	0.625	Critically ill patients with severe acute respiratory syndrome | prevalence of acute respiratory distress syndrome phenotypes in critically ill patients with COVID-19	CONFIRM_MERGE | SPLIT | KEEP_SEPARATE
G1170	incidence of septic shock-associated early ARDS	2	0.6	incidence of septic shock-associated early ARDS | Reduced incidence of septic shock	CONFIRM_MERGE | SPLIT | KEEP_SEPARATE
G1175	Association Between Arterial Hyperoxia and Outcome in Subsets of Critical Illness	2	0.667	Outcome in subsets of critical illness | Association Between Arterial Hyperoxia and Outcome in Subsets of Critical Illness	CONFIRM_MERGE | SPLIT | KEEP_SEPARATE
G1176	Management of acute exacerbations	2	0.667	Reduction in acute exacerbations | Management of acute exacerbations	CONFIRM_MERGE | SPLIT | KEEP_SEPARATE
G1182	Preload defect septic shock	2	0.667	preload defect | Preload defect septic shock	CONFIRM_MERGE | SPLIT | KEEP_SEPARATE
G1197	Effect of Lung Recruitment and Titrated Positive End-Expiratory Pressure (PEEP) vs Low PEEP on Mortality in Patients With Acute Respiratory Distress Syndrome	2	0.621	lung recruitment maneuver with titrated positive end-expiratory pressure (PEEP) according to best respiratory-system compliance | Effect of Lung Recruitment and Titrated Positive End-Expiratory Pressure (PEEP) vs Low PEEP on Mortality in Patients With Acute Respiratory Distress Syndrome	CONFIRM_MERGE | SPLIT | KEEP_SEPARATE
G1201	four methods of weaning from mechanical ventilation	3	0.6	four methods of weaning from mechanical ventilation | duration of mechanical ventilation/weaning success | weaning success/failure from mechanical ventilation	CONFIRM_MERGE | SPLIT | KEEP_SEPARATE
G1210	variation of tidal volume from 8 to 6 ml/kg	2	0.615	variation of tidal volume from 8 to 6 ml/kg | Tidal volume greater than 9 ml per kg ibw	CONFIRM_MERGE | SPLIT | KEEP_SEPARATE
G1239	standard supportive intensive care treatment	2	0.667	standard supportive intensive care treatment | Intensive care	CONFIRM_MERGE | SPLIT | KEEP_SEPARATE
G1244	The New England Journal of Medicine	4	0.667	New England Journal of Medicine | The New England Journal of Medicine | New England | journal of medicine	CONFIRM_MERGE | SPLIT | KEEP_SEPARATE
G1247	High-flow nasal cannula oxygen during endotracheal intubation in hypoxemic patients	2	0.632	High-Flow Oxygen through Nasal Cannula in Acute Hypoxemic Respiratory Failure | High-flow nasal cannula oxygen during endotracheal intubation in hypoxemic patients	CONFIRM_MERGE | SPLIT | KEEP_SEPARATE
G1250	randomised controlled trial	4	0.667	randomised controlled trial | controlled trial | randomised trial | controlled	CONFIRM_MERGE | SPLIT | KEEP_SEPARATE
G1263	prospective cohort study	5	0.667	prospective cohort study | cohort study | cohort | prospective study | prospective	CONFIRM_MERGE | SPLIT | KEEP_SEPARATE
G1273	esophageal pressure	2	0.667	esophageal pressure | esophageal	CONFIRM_MERGE | SPLIT | KEEP_SEPARATE
G1279	meta-analysis	2	0.667	meta-analysis | meta-trial	CONFIRM_MERGE | SPLIT | KEEP_SEPARATE
G1280	Effect of Tocilizumab vs Standard Care on Clinical Worsening in Patients Hospitalized With COVID-19 Pneumonia	2	0.667	Effect of Tocilizumab vs Usual Care in Adults Hospitalized With COVID-19 and Moderate or Severe Pneumonia | Effect of Tocilizumab vs Standard Care on Clinical Worsening in Patients Hospitalized With COVID-19 Pneumonia	CONFIRM_MERGE | SPLIT | KEEP_SEPARATE
G1281	phase II	2	0.667	phase II | phase 3	CONFIRM_MERGE | SPLIT | KEEP_SEPARATE
G1291	seasonal influenza	2	0.667	seasonal influenza | influenza A	CONFIRM_MERGE | SPLIT | KEEP_SEPARATE
G1297	cancer patients	2	0.667	cancer patients | Solid cancer	CONFIRM_MERGE | SPLIT | KEEP_SEPARATE
G1302	chest radiographs	2	0.667	chest radiographs | Chest	CONFIRM_MERGE | SPLIT | KEEP_SEPARATE
G1313	observational survey	2	0.667	observational | observational survey	CONFIRM_MERGE | SPLIT | KEEP_SEPARATE
G1322	endotracheal tube	2	0.667	T-tube | endotracheal tube	CONFIRM_MERGE | SPLIT | KEEP_SEPARATE
G1349	1996-2005	2	0.667	1996-2005 | 1996	CONFIRM_MERGE | SPLIT | KEEP_SEPARATE
G1351	Noninvasive testing	2	0.667	noninvasive | Noninvasive testing	CONFIRM_MERGE | SPLIT | KEEP_SEPARATE
G1380	hypoxemic ventilated	2	0.667	ventilated | hypoxemic ventilated	CONFIRM_MERGE | SPLIT | KEEP_SEPARATE
G1383	Heterogeneity of Treatment Effect for Reporting and Analysis of Randomized Trials in Critical Care	2	0.667	Heterogeneity of Treatment Effect for Reporting and Analysis of Randomized Trials in Critical Care | Randomized Trials in Critical Care	CONFIRM_MERGE | SPLIT | KEEP_SEPARATE
G1414	Neuromuscular blocker use icu	2	0.667	neuromuscular blocker | Neuromuscular blocker use icu	CONFIRM_MERGE | SPLIT | KEEP_SEPARATE
G1451	Ards hyperinflammatory phenotype	2	0.667	Ards hyperinflammatory phenotype | Hypoinflammatory ards phenotype	CONFIRM_MERGE | SPLIT | KEEP_SEPARATE
G1466	Primary ml model	2	0.667	Custom ml model | Primary ml model	CONFIRM_MERGE | SPLIT | KEEP_SEPARATE
G1484	Enhanced peep benefit	2	0.667	Enhanced peep benefit | Limited peep benefit	CONFIRM_MERGE | SPLIT | KEEP_SEPARATE
G1497	Improved interobserver agreement	2	0.667	Improved interobserver agreement | Moderate interobserver agreement	CONFIRM_MERGE | SPLIT | KEEP_SEPARATE
G1501	Increased cardiac index with prone	2	0.667	Increased cardiac index with prone | No change cardiac index with prone	CONFIRM_MERGE | SPLIT | KEEP_SEPARATE
G1504	Increased intubation 28d	2	0.667	Increased intubation 28d | Reduced intubation 28d	CONFIRM_MERGE | SPLIT | KEEP_SEPARATE
