IRI,Label,Subset,Definition,Xrefs,Synonyms,Expert_Approved,Expert_Comment,Suggested_Correction
ARDS_POI_03208,Angiopoietin-2,POI_biomarker,Endothelial vascular permeability factor elevated in hyperinflammatory ARDS. Promotes destabilisation of endothelial junctions.,,,,,
ARDS_POI_03211,Club cell secretory protein 16,POI_biomarker,Airway epithelial biomarker. Low serum CC-16 indicates disrupted airway epithelial barrier.,,,,,
ARDS_POI_03205,Interleukin-6,POI_biomarker,Pro-inflammatory cytokine. Plasma IL-6 >400 pg/mL classifies hyperinflammatory ARDS subphenotype. Target of tocilizumab/sarilumab.,,,,,
ARDS_POI_03206,Interleukin-8,POI_biomarker,Neutrophil chemoattractant (CXCL8). Elevated in ARDS BAL and plasma; drives neutrophilic alveolitis. Elevated in hyperinflammatory subphenotype.,,,,,
ARDS_POI_03209,Plasminogen activator inhibitor-1,POI_biomarker,Procoagulant inhibitor (SERPINE1). Elevated in hyperinflammatory ARDS; reflects antifibrinolytic state and alveolar fibrin deposition.,,,,,
ARDS_POI_03282,Protein C,POI_biomarker,Anticoagulant serine protease. LOW plasma Protein C is a key feature of hyperinflammatory ARDS subphenotype; HIGHER levels characterise hypoinflammatory phenotype. Part of the parsimonious 3-variable ,,,,,
ARDS_POI_03283,Serum bicarbonate,POI_biomarker,Serum bicarbonate (HCO3-). LOW bicarbonate reflects metabolic acidosis — a key feature of hyperinflammatory ARDS subphenotype. Used as the third variable in the parsimonious 3-variable classifier (alo,,,,,
ARDS_POI_03207,Soluble receptor for advanced glycation end-products,POI_biomarker,Circulating RAGE ectodomain; marker of type I alveolar epithelial injury. Elevated in hyperinflammatory ARDS. Predicts 90-day mortality.,,,,,
ARDS_POI_03271,Soluble tumour necrosis factor receptor 1,POI_biomarker,Soluble receptor for TNF-α (sTNFR1/TNFRSF1A). Elevated in hyperinflammatory ARDS subphenotype; associated with 90-day mortality. 2024-2025 literature refines its role alongside PAI-1 as a high-perform,,,,,
ARDS_POI_03210,Surfactant protein D,POI_biomarker,Collectin secreted by alveolar type II cells. Serum SP-D marks alveolar-capillary barrier disruption.,,,,,
ARDS_POI_03212,Tumor necrosis factor alpha,POI_biomarker,Pro-inflammatory cytokine. Elevated in early ARDS; promotes NF-κB and endothelial injury. Elevated in hyperinflammatory subphenotype.,,,,,
ARDS_POI_02016,Acute asthmatic attack,POI_context,,,,,,
ARDS_POI_01783,Acute hospitalization,POI_context,,,,,,
ARDS_POI_01714,Acute hypercapnic respiratory failure,POI_context,,,,,,
ARDS_POI_01311,Acute illness,POI_context,,,,,,
ARDS_POI_02692,Acute respiratory failure in COPD,POI_context,,,,,,
ARDS_POI_01737,Acute respiratory insufficiency after lung resection,POI_context,,,,,,
ARDS_POI_03286,Aggressive recruitment maneuver strategy,POI_context,High sustained inflation pressure (>40 cmH₂O) recruitment maneuvers aimed at opening collapsed lung. ART trial (PMID:28973363): HR 1.20 for 28-day mortality — definitive harm in unselected moderate-se,,,,,
ARDS_POI_02768,Alcoholism,POI_context,,,,,,
ARDS_POI_01685,Asthma context,POI_context,,,,,,
ARDS_POI_02277,Autopsy population,POI_context,,,,,,
ARDS_POI_02823,Awake state,POI_context,,,,,,
ARDS_POI_02221,Burn injury,POI_context,,,,,,
ARDS_POI_02599,COPD with acute respiratory failure,POI_context,,,,,,
ARDS_POI_01570,COPD with respiratory failure,POI_context,,,,,,
ARDS_POI_02318,Candida respiratory colonization,POI_context,,,,,,
ARDS_POI_01762,Cardiac surgery context,POI_context,,,,,,
ARDS_POI_01151,Cardiac surgery with cardiopulmonary bypass,POI_context,,,,,,
ARDS_POI_02055,Cardiogenic pulmonary edema,POI_context,,,,,,
ARDS_POI_01411,Chest radiograph interpretation,POI_context,,,,,,
ARDS_POI_01944,Chronic obstructive pulmonary disease,POI_context,,,,,,
ARDS_POI_02820,Congestive heart failure diagnosis,POI_context,,,,,,
ARDS_POI_01420,Critical care context,POI_context,,,,,,
ARDS_POI_02357,Critical illness with H1N1 virus infection,POI_context,,,,,,
ARDS_POI_02819,Do-not-intubate order,POI_context,,,,,,
ARDS_POI_02303,End-stage cancer,POI_context,,,,,,
ARDS_POI_01837,Extubation readiness,POI_context,,,,,,
ARDS_POI_02452,Finland,POI_context,,,,,,
ARDS_POI_03232,First 48 hours ARDS context,POI_context,"Critical initiation window for ARDS interventions: prone (PROSEVA: <36h), NMB (48h infusion), dexamethasone (within 24h of severity criteria).",,,,,
ARDS_POI_01243,General anesthesia context,POI_context,,,,,,
ARDS_POI_01688,Hemodynamic instability context,POI_context,,,,,,
ARDS_POI_03285,High PEEP ventilation strategy,POI_context,"Ventilation strategy using PEEP >10–12 cmH₂O, typically guided by ARDSNet high-PEEP/FiO₂ table or transpulmonary pressure titration. Benefits vary strongly by ARDS subphenotype and CT morphology: bene",,,,,
ARDS_POI_01157,High-risk population context,POI_context,,,,,,
ARDS_POI_01351,ICU admission,POI_context,,,,,,
ARDS_POI_01787,ICU setting,POI_context,,,,,,
ARDS_POI_02522,Intracranial hemorrhage,POI_context,,,,,,
ARDS_POI_03235,Lighter sedation era clinical context,POI_context,"Post-2015 ICU practice targeting RASS 0 to −2. Negates apparent NMB benefit seen in ACURASYS (2010, deep sedation era). ROSE (PMID 31112383) confirmed null in this context.",,,,,
ARDS_POI_02515,Limited oxygen delivery,POI_context,,,,,,
ARDS_POI_02006,Lung recruitability,POI_context,,,,,,
ARDS_POI_01099,Major abdominal surgery context,POI_context,,,,,,
ARDS_POI_02538,Mask air leaks,POI_context,,,,,,
ARDS_POI_02078,Non-cardiac surgery,POI_context,,,,,,
ARDS_POI_01564,Noncardiothoracic surgery,POI_context,,,,,,
ARDS_POI_03234,One-lung ventilation surgical context,POI_context,"Thoracic surgery requiring OLV: non-ventilated lung atelectasis, V/Q mismatch. iPROVE-OLV (PMID 38065200): individualized OLA beneficial (RR 0.39); contrast iPROVE (abdominal) null.",,,,,
ARDS_POI_02304,Palliative care context,POI_context,,,,,,
ARDS_POI_01383,Perioperative context,POI_context,,,,,,
ARDS_POI_01456,Pharmacotherapy context,POI_context,,,,,,
ARDS_POI_01553,Post-COVID era,POI_context,,,,,,
ARDS_POI_01281,Postextubation context,POI_context,,,,,,
ARDS_POI_02203,Postoperative period,POI_context,,,,,,
ARDS_POI_01165,Prolonged hospitalization,POI_context,,,,,,
ARDS_POI_01687,Respiratory acidosis context,POI_context,,,,,,
ARDS_POI_02808,SARS context,POI_context,,,,,,
ARDS_POI_02035,SARS critical illness,POI_context,,,,,,
ARDS_POI_02038,SARS outbreak context,POI_context,,,,,,
ARDS_POI_03261,Severe ARDS context PaO2/FiO2 less than 150,POI_context,"Clinical context defined by PaO₂/FiO₂ <150 mmHg on PEEP ≥5 cmH₂O for >12–36h on mechanical ventilation. Mandatory eligibility threshold for prone positioning benefit (PROSEVA, PMID 23688302) and a key",,,,,
ARDS_POI_03233,Severe ARDS context PaO2/FiO2 less than 150,POI_context,PaO₂/FiO₂ <150 mmHg on PEEP ≥5 cmH₂O for >12–36h. Required for prone benefit (PROSEVA) and VV-ECMO consideration (EOLIA).,,,,,
ARDS_POI_01264,Severe acute hypoxemic respiratory failure,POI_context,,,,,,
ARDS_POI_03121,Severe ards duration over 72h,POI_context,,,,,,
ARDS_POI_02497,Severe brain injury,POI_context,,,,,,
ARDS_POI_01248,Shock,POI_context,,,,,,
ARDS_POI_01238,Solid organ transplantation,POI_context,,,,,,
ARDS_POI_01940,Stable hemodynamics context,POI_context,,,,,,
ARDS_POI_02822,Strong cough,POI_context,,,,,,
ARDS_POI_02716,Subarachnoid hemorrhage,POI_context,,,,,,
ARDS_POI_02239,Suburban community context,POI_context,,,,,,
ARDS_POI_01369,Surgery,POI_context,,,,,,
ARDS_POI_02202,Thoracic surgery,POI_context,,,,,,
ARDS_POI_02312,Underlying lung disease,POI_context,,,,,,
ARDS_POI_02103,United States,POI_context,,,,,,
ARDS_POI_02150,Ventilator-dependent patients,POI_context,,,,,,
ARDS_POI_01141,Without severe bulbar dysfunction,POI_context,,,,,,
ARDS_POI_02101,Worse outcomes in USA,POI_context,,,,,,
ARDS_POI_02843,92 kda gelatinase elevation ards,POI_disease,,,,,,
ARDS_POI_01084,ARDS subphenotype identification,POI_disease,,,,,,
ARDS_POI_02058,Acute On Chronic Respiratory Failure Pathogenesis,POI_disease,,,,,,
ARDS_POI_02250,Acute exacerbations of chronic obstructive pulmonary disease,POI_disease,,,,,,
ARDS_POI_01678,Acute hypoxemic nonhypercapnic respiratory insufficiency,POI_disease,,,,,,
ARDS_POI_03270,Acute respiratory distress syndrome,POI_disease,Life-threatening syndrome of acute diffuse inflammatory lung injury. 2012 Berlin criteria: acute onset within 1 week of clinical insult; bilateral opacities on imaging; PaO₂/FiO₂ ≤300 mmHg on PEEP ≥5 ,,,,,
ARDS_POI_01980,Adrenal insufficiency,POI_disease,,,,,,
ARDS_POI_02550,Alveolar Edema Reduction,POI_disease,,,,,,
ARDS_POI_02853,American european ards definition,POI_disease,,,,,,
ARDS_POI_01140,Amyotrophic lateral sclerosis,POI_disease,,,,,,
ARDS_POI_02854,Anakinra early treatment covid19,POI_disease,,,,,,
ARDS_POI_01152,Anemia,POI_disease,,,,,,
ARDS_POI_02856,Ards condition,POI_disease,,,,,,
ARDS_POI_02857,Ards costs of care,POI_disease,,,,,,
ARDS_POI_02858,Ards developing in previously healthy patients,POI_disease,,,,,,
ARDS_POI_02859,Ards diagnosis accuracy,POI_disease,,,,,,
ARDS_POI_02860,Ards diagnosis threshold,POI_disease,,,,,,
ARDS_POI_02861,Ards frequency,POI_disease,,,,,,
ARDS_POI_02862,Ards hyperinflammatory phenotype,POI_disease,,,,,,
ARDS_POI_02864,Ards respiratory illness severity,POI_disease,,,,,,
ARDS_POI_02868,Ards susceptibility,POI_disease,,,,,,
ARDS_POI_02869,Ards triggering risk factor,POI_disease,,,,,,
ARDS_POI_02877,Berlin definition ards severity criteria,POI_disease,,,,,,
ARDS_POI_02878,Berlin definition criteria for ards,POI_disease,,,,,,
ARDS_POI_01073,COPD exacerbation,POI_disease,,,,,,
ARDS_POI_03204,COVID-19-associated ARDS,POI_disease,"ARDS in SARS-CoV-2 infection characterised by endotheliitis, microvascular thrombosis, and prolonged inflammatory response.",,,,,
ARDS_POI_02057,Cardiogenic Pulmonary Edema Pathogenesis,POI_disease,,,,,,
ARDS_POI_02559,Chronic renal failure,POI_disease,,,,,,
ARDS_POI_02315,Chronic respiratory failure,POI_disease,,,,,,
ARDS_POI_01617,Congestive heart failure,POI_disease,,,,,,
ARDS_POI_02888,Corticosteroids prevention ards,POI_disease,,,,,,
ARDS_POI_02889,Corticosteroids treatment ards,POI_disease,,,,,,
ARDS_POI_02891,Criteria defined clinical algorithm ards treatment,POI_disease,,,,,,
ARDS_POI_02056,De Novo Acute Respiratory Failure Pathogenesis,POI_disease,,,,,,
ARDS_POI_02901,Decreasing ards incidence over time,POI_disease,,,,,,
ARDS_POI_02902,Decreasing hospital acquired ards,POI_disease,,,,,,
ARDS_POI_02903,Delayed dysphagia recovery ards survivors,POI_disease,,,,,,
ARDS_POI_01043,Delirium duration,POI_disease,,,,,,
ARDS_POI_02905,Delphi ards definition,POI_disease,,,,,,
ARDS_POI_02907,Depression after ards,POI_disease,,,,,,
ARDS_POI_02912,Discrimination septic nonseptic ards,POI_disease,,,,,,
ARDS_POI_02914,Dysphagia symptoms ards survivors,POI_disease,,,,,,
ARDS_POI_02919,Ecla use during ards,POI_disease,,,,,,
ARDS_POI_02656,Elevated pulmonary artery pressure,POI_disease,,,,,,
ARDS_POI_02022,Enhanced intravascular coagulation,POI_disease,,,,,,
ARDS_POI_01133,Fat embolism,POI_disease,,,,,,
ARDS_POI_02929,Feasible ards management,POI_disease,,,,,,
ARDS_POI_03202,Focal ARDS,POI_disease,CT-defined ARDS phenotype with unilateral or lobar consolidation. Recruitable at low pressures; high risk of overdistension with high PEEP. Gattinoni-Marini CT phenotype classification (PMID 30342773),,,,,
ARDS_POI_02943,Higher failure rate during trial,POI_disease,,,,,,
ARDS_POI_02558,History of hematologic malignancy,POI_disease,,,,,,
ARDS_POI_01725,Hypercapnic COPD,POI_disease,,,,,,
ARDS_POI_03200,Hyperinflammatory ARDS subphenotype,POI_disease,"Biologically distinct ARDS subphenotype identified by latent class analysis (Calfee et al. AJRCCM 2014; PMID 25030514). Characterised by elevated plasma IL-6 (>400 pg/mL), IL-8, sRAGE, angiopoietin-2,",,,,,
ARDS_POI_03201,Hypoinflammatory ARDS subphenotype,POI_disease,"Biologically distinct ARDS subphenotype (Calfee et al. AJRCCM 2014; PMID 25030514). Low plasma inflammatory biomarkers, absence of vasopressor shock, lower 90-day mortality. Majority phenotype (~70%).",,,,,
ARDS_POI_02944,Hypoinflammatory ards phenotype,POI_disease,,,,,,
ARDS_POI_02947,Il6 crp ards biomarkers,POI_disease,,,,,,
ARDS_POI_02949,Improved ards diagnosis,POI_disease,,,,,,
ARDS_POI_02950,Improved ards outcomes,POI_disease,,,,,,
ARDS_POI_02954,Improved outcome ards,POI_disease,,,,,,
ARDS_POI_02958,Improved physiology ards,POI_disease,,,,,,
ARDS_POI_01828,Increased alveolar protein load,POI_disease,,,,,,
ARDS_POI_02965,Increased ards incidence,POI_disease,,,,,,
ARDS_POI_02966,Increased ards odds,POI_disease,,,,,,
ARDS_POI_02970,Increased evlw ards,POI_disease,,,,,,
ARDS_POI_02981,Increased risk of death in ards,POI_disease,,,,,,
ARDS_POI_01135,Infection,POI_disease,,,,,,
ARDS_POI_02553,Infection acquired in ICU,POI_disease,,,,,,
ARDS_POI_02987,Interindividual variability in covid ards,POI_disease,,,,,,
ARDS_POI_02991,Ketoconazole treatment ali ards,POI_disease,,,,,,
ARDS_POI_02992,Lack of consensus training for ards diagnosis,POI_disease,,,,,,
ARDS_POI_02995,Lisofylline early treatment ali ards,POI_disease,,,,,,
ARDS_POI_02560,Liver cirrhosis,POI_disease,,,,,,
ARDS_POI_02996,Long term outcomes ards survivors,POI_disease,,,,,,
ARDS_POI_01359,Long-term impairments after critical illness,POI_disease,,,,,,
ARDS_POI_01700,Lung cancer,POI_disease,,,,,,
ARDS_POI_03005,Matrix metalloproteinase balance ards,POI_disease,,,,,,
ARDS_POI_01384,Negative cumulative fluid balance in acute lung injury,POI_disease,,,,,,
ARDS_POI_03012,Neopterin ards biomarker,POI_disease,,,,,,
ARDS_POI_03203,Non-focal ARDS,POI_disease,CT-defined ARDS with diffuse bilateral ground-glass opacities. Low recruitability; may benefit from higher PEEP. Gattinoni-Marini (PMID 30342773). Non-focal / diffuse morphology: higher potential recr,,,,,
ARDS_POI_03032,Nonfocal ards pattern,POI_disease,,,,,,
ARDS_POI_03035,Nppv early ards,POI_disease,,,,,,
ARDS_POI_02360,Opportunistic Fungal Infection,POI_disease,,,,,,
ARDS_POI_03049,Pharmacologic interventions ineffective ards,POI_disease,,,,,,
ARDS_POI_03050,Pharyngeal injury intubation,POI_disease,,,,,,
ARDS_POI_03054,Pre intubation ards recognition,POI_disease,,,,,,
ARDS_POI_03060,Procollagen iii levels elevated in ards balf,POI_disease,,,,,,
ARDS_POI_03117,Rosuvastatin ards,POI_disease,,,,,,
ARDS_POI_01451,Sepsis molecular phenotyping,POI_disease,,,,,,
ARDS_POI_02498,Severe Brain Injury Susceptibility,POI_disease,,,,,,
ARDS_POI_02741,Severe pandemic (H1N1)v influenza A infection,POI_disease,,,,,,
ARDS_POI_01129,Sickle cell disease,POI_disease,,,,,,
ARDS_POI_02394,Status asthmaticus,POI_disease,,,,,,
ARDS_POI_03138,Timp elevation ards,POI_disease,,,,,,
ARDS_POI_02839,Tissue Repair Fibrosis Inhibition,POI_disease,,,,,,
ARDS_POI_02069,48-hr NMBA infusion,POI_intervention,,,,,,
ARDS_POI_01838,80% perioperative oxygen,POI_intervention,,,,,,
ARDS_POI_02845,Accelerated improvement pao2fio2 paco2 dyspnea rr,POI_intervention,,,,,,
ARDS_POI_02702,Activated protein C,POI_intervention,,,,,,
ARDS_POI_02703,Activated protein C administration,POI_intervention,,,,,,
ARDS_POI_01749,Aerosolized albuterol,POI_intervention,,,,,,
ARDS_POI_02031,Aerosolized prostacyclin,POI_intervention,,,,,,
ARDS_POI_01574,Airway pressure release ventilation with spontaneous breathing,POI_intervention,,,,,,
ARDS_POI_02148,Airway resistance reduction with tracheostomy,POI_intervention,,,,,,
ARDS_POI_01256,Allogeneic mesenchymal stromal cells,POI_intervention,,,,,,
ARDS_POI_01324,Anakinra early treatment of COVID-19,POI_intervention,,,,,,
ARDS_POI_02222,Arginine supplementation,POI_intervention,,,,,,
ARDS_POI_02671,Aspirin administration,POI_intervention,,,,,,
ARDS_POI_02119,Assessment for patient-ventilator trigger asynchrony,POI_intervention,,,,,,
ARDS_POI_02752,Assisted coughing and noninvasive ventilation,POI_intervention,,,,,,
ARDS_POI_02755,Assisted coughing to clear airway mucus,POI_intervention,,,,,,
ARDS_POI_02872,Atypical antipsychotics,POI_intervention,,,,,,
ARDS_POI_01849,Automatic Reduction Pressure Support,POI_intervention,,,,,,
ARDS_POI_03215,Awake prone positioning,POI_intervention,"Prone positioning in spontaneously breathing non-intubated patients. PROFLO (PMID 34127046, n=75): null — only 6% achieved ≥16h target.",,,,,
ARDS_POI_02773,BREATHE criteria for breath stacking dyssynchrony,POI_intervention,,,,,,
ARDS_POI_03213,Baricitinib,POI_intervention,Selective JAK1/JAK2 inhibitor. RECOVERY 2022 (PMID 37320743): significant mortality benefit in hospitalised COVID-19 ARDS.,,,,,
ARDS_POI_02012,Bilevel positive airway pressure (BPV) for acute asthmatic attack,POI_intervention,,,,,,
ARDS_POI_02159,Bispectral Index monitoring,POI_intervention,,,,,,
ARDS_POI_01131,Bronchodilators,POI_intervention,,,,,,
ARDS_POI_01132,Bronchoscopy,POI_intervention,,,,,,
ARDS_POI_02652,CO2 elimination with ECCO2R,POI_intervention,,,,,,
ARDS_POI_01670,Capnography Monitoring,POI_intervention,,,,,,
ARDS_POI_01698,Cardiopulmonary exercise testing (VO2max),POI_intervention,,,,,,
ARDS_POI_01694,Cardiovascular evaluation,POI_intervention,,,,,,
ARDS_POI_02293,Chronic alcohol abuse,POI_intervention,,,,,,
ARDS_POI_02638,Close monitoring and early ventilation for high-risk Guillain-Barré,POI_intervention,,,,,,
ARDS_POI_02880,Compliance above lip recruitable lung,POI_intervention,,,,,,
ARDS_POI_01846,Computer-driven weaning protocol,POI_intervention,,,,,,
ARDS_POI_02882,Concave v p curve recruitment,POI_intervention,,,,,,
ARDS_POI_03284,Conservative fluid management strategy,POI_intervention,Restrictive fluid strategy targeting zero or negative cumulative fluid balance in ARDS. FACTT trial (PMID:16714767): negative fluid balance improved oxygenation and reduced ventilator days without inc,,,,,
ARDS_POI_01020,Conservative fluid management strategy,POI_intervention,,,,,,
ARDS_POI_01355,Conservative or deresuscitative fluid strategy,POI_intervention,,,,,,
ARDS_POI_02884,Copd intrinsic peep,POI_intervention,,,,,,
ARDS_POI_01669,Cricoid Pressure,POI_intervention,,,,,,
ARDS_POI_02899,Decreased tidal volumes ards,POI_intervention,,,,,,
ARDS_POI_01549,Decreased use of SIMV,POI_intervention,,,,,,
ARDS_POI_02737,Delayed invasive ventilation,POI_intervention,,,,,,
ARDS_POI_01074,Dependent lung atelectasis with one-lung ventilation,POI_intervention,,,,,,
ARDS_POI_01403,Dependent lung filling with perflubron,POI_intervention,,,,,,
ARDS_POI_02910,Differential peep response by phenotype,POI_intervention,,,,,,
ARDS_POI_01696,Diffusion capacity (DLCO),POI_intervention,,,,,,
ARDS_POI_01027,Diuresis,POI_intervention,,,,,,
ARDS_POI_01594,Duration of bed rest during critical illness,POI_intervention,,,,,,
ARDS_POI_02685,E-PRE-DELIRIC model,POI_intervention,,,,,,
ARDS_POI_01422,ECCO2R for CO2 removal,POI_intervention,,,,,,
ARDS_POI_01109,Early ICU mobility therapy protocol,POI_intervention,,,,,,
ARDS_POI_02082,Early PT intervention,POI_intervention,,,,,,
ARDS_POI_01813,Early feeding initiation,POI_intervention,,,,,,
ARDS_POI_01110,Early physical therapy in ICU,POI_intervention,,,,,,
ARDS_POI_02920,Ecmo complications,POI_intervention,,,,,,
ARDS_POI_02921,Ecmo duration,POI_intervention,,,,,,
ARDS_POI_02922,Ecmo treatment,POI_intervention,,,,,,
ARDS_POI_02184,Education program for VAP prevention,POI_intervention,,,,,,
ARDS_POI_03219,Electrical impedance tomography,POI_intervention,Bedside real-time lung imaging via thoracic electrical impedance. Enables individualised PEEP titration without radiation.,,,,,
ARDS_POI_02924,Enhanced peep benefit,POI_intervention,,,,,,
ARDS_POI_02925,Enteral feeding epa gla antioxidants,POI_intervention,,,,,,
ARDS_POI_01203,Enteral feeding with EPA+GLA and antioxidants,POI_intervention,,,,,,
ARDS_POI_01640,"Enteral n-3 fatty acid, gamma-linolenic acid, and antioxidant supplementation",POI_intervention,,,,,,
ARDS_POI_01697,Estimation of postop pulmonary reserve,POI_intervention,,,,,,
ARDS_POI_02001,Extracorporeal life support,POI_intervention,,,,,,
ARDS_POI_01031,Extracorporeal membrane oxygenation (ECMO),POI_intervention,,,,,,
ARDS_POI_02765,Extravascular lung water measurement,POI_intervention,,,,,,
ARDS_POI_02204,Fiberoptic bronchoscopy with bronchoalveolar lavage,POI_intervention,,,,,,
ARDS_POI_01389,Fluid Balance Optimization,POI_intervention,,,,,,
ARDS_POI_01672,Fluid Loading,POI_intervention,,,,,,
ARDS_POI_01028,Fluid Restriction,POI_intervention,,,,,,
ARDS_POI_02930,Full enteral feeding first 6d,POI_intervention,,,,,,
ARDS_POI_02152,Full-face mask NIMV,POI_intervention,,,,,,
ARDS_POI_01376,Furosemide with albumin therapy,POI_intervention,,,,,,
ARDS_POI_01392,Global lung ultrasound score,POI_intervention,,,,,,
ARDS_POI_01216,Global muscle strength assessment,POI_intervention,,,,,,
ARDS_POI_01212,Global strength and handgrip dynamometry assessment,POI_intervention,,,,,,
ARDS_POI_02223,Glutamine supplementation,POI_intervention,,,,,,
ARDS_POI_01215,Handgrip dynamometry assessment,POI_intervention,,,,,,
ARDS_POI_02935,Hfnc for cards avoidance intubation,POI_intervention,,,,,,
ARDS_POI_02936,Hfnc initial management,POI_intervention,,,,,,
ARDS_POI_02937,High flow nasal cannula hfnc,POI_intervention,,,,,,
ARDS_POI_02938,High flow nasal oxygen and niv,POI_intervention,,,,,,
ARDS_POI_02941,High peep with recruitment maneuvers olv,POI_intervention,,,,,,
ARDS_POI_02495,High respiratory rate ventilation,POI_intervention,,,,,,
ARDS_POI_03214,High-flow nasal cannula oxygen therapy,POI_intervention,"Heated humidified O₂ at 20–60 L/min via wide-bore nasal cannula. FLORALI (PMID 25981908): 90-day mortality 12% vs 23–28% (P=0.02, secondary).",,,,,
ARDS_POI_01047,Higher PEEP levels,POI_intervention,,,,,,
ARDS_POI_02314,Home nasal positive-pressure ventilation,POI_intervention,,,,,,
ARDS_POI_01689,Hydrocortisone,POI_intervention,,,,,,
ARDS_POI_01266,Hypoxemic acute respiratory failure,POI_intervention,,,,,,
ARDS_POI_01661,ICUAW management,POI_intervention,,,,,,
ARDS_POI_02218,Immune-modulating diets (IMDs),POI_intervention,,,,,,
ARDS_POI_01809,Implementation of ICU nutrition management protocol,POI_intervention,,,,,,
ARDS_POI_01630,Improved Airway Humidification,POI_intervention,,,,,,
ARDS_POI_02953,Improved lung mechanics peep,POI_intervention,,,,,,
ARDS_POI_02955,Improved pao2 fio2,POI_intervention,,,,,,
ARDS_POI_02956,Improved pao2 fio2 ratio,POI_intervention,,,,,,
ARDS_POI_02957,Improved pao2 fio2 ratio 1h,POI_intervention,,,,,,
ARDS_POI_02968,Increased cardiac index with prone,POI_intervention,,,,,,
ARDS_POI_02376,Increased heart rate,POI_intervention,,,,,,
ARDS_POI_02973,Increased intubation risk hfnc,POI_intervention,,,,,,
ARDS_POI_02974,Increased intubation risk niv,POI_intervention,,,,,,
ARDS_POI_02977,Increased peep ards,POI_intervention,,,,,,
ARDS_POI_02979,Increased ratio pao2 fio2,POI_intervention,,,,,,
ARDS_POI_02982,Increasing hfnc flow rate,POI_intervention,,,,,,
ARDS_POI_02548,Inhaled sevoflurane,POI_intervention,,,,,,
ARDS_POI_01228,Injurious ventilation strategy,POI_intervention,,,,,,
ARDS_POI_02080,Intensive PT program,POI_intervention,,,,,,
ARDS_POI_02075,Intraoperative protective ventilation,POI_intervention,,,,,,
ARDS_POI_02093,Intravenous N-acetylcysteine (NAC),POI_intervention,,,,,,
ARDS_POI_02993,Less late niv failure in copd with obesity,POI_intervention,,,,,,
ARDS_POI_02994,Limited peep benefit,POI_intervention,,,,,,
ARDS_POI_01646,Low airway pressures,POI_intervention,,,,,,
ARDS_POI_01417,Lung Injury Score,POI_intervention,,,,,,
ARDS_POI_01701,Lung cancer resection,POI_intervention,,,,,,
ARDS_POI_01579,Lung expansion interventions,POI_intervention,,,,,,
ARDS_POI_01066,Lung-protective ventilation strategy,POI_intervention,Lung-protective ventilation strategy using tidal volume 6 ml/kg predicted body weight with plateau pressure ≤30 cmH₂O. ARMA trial (PMID 10793162): mortality 31.0% vs 39.8% with 12 ml/kg (P=0.007). Pre,,,,,
ARDS_POI_01558,Lymphopenia on admission,POI_intervention,,,,,,
ARDS_POI_02061,Manually and mechanically assisted coughing,POI_intervention,,,,,,
ARDS_POI_01130,Matched transfusions,POI_intervention,,,,,,
ARDS_POI_01529,Methylprednisolone infusion,POI_intervention,,,,,,
ARDS_POI_01784,Multidisciplinary ventilator management protocol,POI_intervention,,,,,,
ARDS_POI_02803,NIPPV for SARS-related acute respiratory failure,POI_intervention,,,,,,
ARDS_POI_02153,Nasal mask NIMV,POI_intervention,,,,,,
ARDS_POI_02154,Nasal plugs NIMV,POI_intervention,,,,,,
ARDS_POI_01719,Nasal positive-pressure ventilation plus oxygen,POI_intervention,,,,,,
ARDS_POI_03016,New ventilatory approach na,POI_intervention,,,,,,
ARDS_POI_03018,Niv algorithm compensation,POI_intervention,,,,,,
ARDS_POI_03019,Niv delivered by helmet,POI_intervention,,,,,,
ARDS_POI_03020,Niv success,POI_intervention,,,,,,
ARDS_POI_02207,Noninvasive diagnostic testing,POI_intervention,,,,,,
ARDS_POI_01158,Noninvasive positive-pressure ventilation,POI_intervention,,,,,,
ARDS_POI_01609,Noninvasive ventilation delivered by helmet,POI_intervention,,,,,,
ARDS_POI_02224,Omega-3 fatty acids supplementation,POI_intervention,,,,,,
ARDS_POI_02622,Over Assistance Prevention,POI_intervention,,,,,,
ARDS_POI_01791,PEEP titration guided by esophageal pressure in ARDS,POI_intervention,,,,,,
ARDS_POI_03040,Pao2 fio2 less than equal to 200 mmhg,POI_intervention,,,,,,
ARDS_POI_03281,Parsimonious ARDS subphenotype classifier,POI_intervention,"Real-time bedside classification model using only 3 readily available variables — IL-8 (plasma), Protein C (plasma), and Bicarbonate (serum) — to distinguish hyperinflammatory from hypoinflammatory AR",,,,,
ARDS_POI_02809,Patient immobilization during ICU stay,POI_intervention,,,,,,
ARDS_POI_03042,Patient ventilator trigger asynchrony,POI_intervention,,,,,,
ARDS_POI_01283,Peak cough flow >160 L/min,POI_intervention,,,,,,
ARDS_POI_01282,Peak cough flow threshold for extubation/decannulation,POI_intervention,,,,,,
ARDS_POI_03044,Peep induced recruitment gradient,POI_intervention,,,,,,
ARDS_POI_03045,Peep optimization for ards,POI_intervention,Life-threatening syndrome of acute diffuse inflammatory lung injury. 2012 Berlin criteria: acute onset within 1 week of clinical insult; bilateral opacities on imaging; PaO₂/FiO₂ ≤300 mmHg on PEEP ≥5 ,,,,,
ARDS_POI_03046,Peep reduction ards,POI_intervention,,,,,,
ARDS_POI_01652,Physical rehabilitation,POI_intervention,,,,,,
ARDS_POI_01693,Preoperative physiologic assessment for lung cancer resection,POI_intervention,,,,,,
ARDS_POI_02787,Pressure limitation with permissive hypercapnia,POI_intervention,,,,,,
ARDS_POI_01515,Pressure support ventilation spontaneous breathing trial,POI_intervention,,,,,,
ARDS_POI_01082,Pressure support ventilation weaning,POI_intervention,,,,,,
ARDS_POI_03218,Prone positioning during VV-ECMO,POI_intervention,"Combined prone+ECMO strategy. PRONECMO (PMID 38038395, n=170, 94% COVID-19): null — prone benefit already captured pre-ECMO in 96% of patients.",,,,,
ARDS_POI_02419,Prophylactic nCPAP 10 cmH2O for 6h post-cardiac surgery,POI_intervention,,,,,,
ARDS_POI_02418,Prophylactic nasal continuous positive airway pressure (nCPAP) following cardiac surgery,POI_intervention,,,,,,
ARDS_POI_01010,Protective mechanical ventilation,POI_intervention,,,,,,
ARDS_POI_01498,Protocol-directed sedation,POI_intervention,,,,,,
ARDS_POI_01555,Pulse pressure variation (DeltaPP),POI_intervention,,,,,,
ARDS_POI_01668,Rapid Sequence Induction,POI_intervention,,,,,,
ARDS_POI_01803,Recombinant surfactant protein C-based surfactant,POI_intervention,,,,,,
ARDS_POI_02328,Recruitment maneuver,POI_intervention,,,,,,
ARDS_POI_03065,Recruitment maneuver rm,POI_intervention,,,,,,
ARDS_POI_03066,Recruitment maneuvers ards,POI_intervention,,,,,,
ARDS_POI_01068,Recruitment/derecruitment minimization,POI_intervention,,,,,,
ARDS_POI_03074,Reduced fio2 at day of death,POI_intervention,,,,,,
ARDS_POI_03075,Reduced fio2 time above 50,POI_intervention,,,,,,
ARDS_POI_03095,Reduced need for ventilator support,POI_intervention,,,,,,
ARDS_POI_03096,Reduced occlusion pressure and intrinsic peep,POI_intervention,,,,,,
ARDS_POI_03103,Reduced sedative exposure ventilated patients,POI_intervention,,,,,,
ARDS_POI_03112,Regional peep responsiveness gradient,POI_intervention,,,,,,
ARDS_POI_03217,Rescue VV-ECMO,POI_intervention,VV-ECMO initiated as salvage after failure of all conventional strategies. EOLIA crossover: 57% of 35 crossover patients died.,,,,,
ARDS_POI_02746,Resolving muscle weakness,POI_intervention,,,,,,
ARDS_POI_01173,Respiratory changes in IVC diameter,POI_intervention,,,,,,
ARDS_POI_02475,Respiratory physiotherapy,POI_intervention,,,,,,
ARDS_POI_02374,Respiratory rate ≥30 breaths/min,POI_intervention,,,,,,
ARDS_POI_02178,Respiratory therapist-driven protocol,POI_intervention,,,,,,
ARDS_POI_01149,Restrictive red blood cell transfusion strategy,POI_intervention,,,,,,
ARDS_POI_02395,Resuscitation guided by fluid responsiveness assessment,POI_intervention,,,,,,
ARDS_POI_02437,Sarilumab,POI_intervention,,,,,,
ARDS_POI_01680,Scheduled eye care with lubricating drops/gel and eyelid closure,POI_intervention,,,,,,
ARDS_POI_01679,Scheduled neuromuscular blockade,POI_intervention,"Non-depolarising neuromuscular blocking agent (benzylisoquinoline). ROSE trial (PMID 31112383): null in lighter sedation era (90-day mortality 42.5% vs 42.8%, P=0.93). Contrasts with ACURASYS (2010): ",,,,,
ARDS_POI_01582,Selective nasogastric tube use after abdominal surgery,POI_intervention,,,,,,
ARDS_POI_01343,Simvastatin,POI_intervention,,,,,,
ARDS_POI_02026,"Sivelestat (ONO-5046, Elaspol)",POI_intervention,,,,,,
ARDS_POI_01695,Spirometry (FEV1),POI_intervention,,,,,,
ARDS_POI_01481,Spontaneous Awakening Trials,POI_intervention,,,,,,
ARDS_POI_01575,Spontaneous breathing during APRV,POI_intervention,,,,,,
ARDS_POI_01331,Superior vena caval collapsibility measurement,POI_intervention,,,,,,
ARDS_POI_01380,Supplemental oxygen during perioperative period,POI_intervention,,,,,,
ARDS_POI_03131,Sustained improvement pao2fio2 ratio,POI_intervention,,,,,,
ARDS_POI_03134,Systematic peep fio2 titration,POI_intervention,,,,,,
ARDS_POI_01702,TAK-242,POI_intervention,,,,,,
ARDS_POI_03136,Target tidal volumes 6 ml kg predicted body weight,POI_intervention,,,,,,
ARDS_POI_03137,Tidal volume greater than 9 ml per kg ibw,POI_intervention,,,,,,
ARDS_POI_01543,Tocilizumab,POI_intervention,,,,,,
ARDS_POI_01199,Tocilizumab for COVID-19 pneumonia,POI_intervention,,,,,,
ARDS_POI_01780,Tofacitinib treatment,POI_intervention,,,,,,
ARDS_POI_02142,Tracheostomy,POI_intervention,,,,,,
ARDS_POI_03220,Transpulmonary pressure monitoring,POI_intervention,Oesophageal manometry to measure PL = Paw − Peso. Enables individualised PEEP and P-SILI detection.,,,,,
ARDS_POI_01127,Treatment protocol for acute chest syndrome in sickle cell disease,POI_intervention,,,,,,
ARDS_POI_03140,Trophic enteral feeding first 6d,POI_intervention,,,,,,
ARDS_POI_03216,Ultra-protective ventilation during VV-ECMO,POI_intervention,Vt 2–4 ml/kg PBW + RR 10–14/min + Pplat ≤25 cmH₂O during VV-ECMO. Proposed mechanism of EOLIA benefit (PMID 29791822).,,,,,
ARDS_POI_02646,Underweight BMI,POI_intervention,,,,,,
ARDS_POI_02667,Unilateral lung injury,POI_intervention,,,,,,
ARDS_POI_01910,Usual ICU care,POI_intervention,,,,,,
ARDS_POI_01674,Vasopressor Use As Needed,POI_intervention,,,,,,
ARDS_POI_01726,Ventilation Improvement Npsv,POI_intervention,,,,,,
ARDS_POI_01147,Ventilation guided by esophageal pressure,POI_intervention,,,,,,
ARDS_POI_03142,Ventilator power optimization,POI_intervention,,,,,,
ARDS_POI_02369,"Vitamin C, thiamine, and hydrocortisone",POI_intervention,,,,,,
ARDS_POI_01288,Ziprasidone for delirium in critical illness,POI_intervention,,,,,,
ARDS_POI_01272,aerosolized synthetic surfactant,POI_intervention,,,,,,
ARDS_POI_02212,arterial hyperoxia,POI_intervention,,,,,,
ARDS_POI_01945,bovine surfactant therapy,POI_intervention,,,,,,
ARDS_POI_01964,corticosteroids,POI_intervention,,,,,,
ARDS_POI_01466,cuff-leak test,POI_intervention,,,,,,
ARDS_POI_01006,dexamethasone treatment for hospitalized COVID-19,POI_intervention,Synthetic glucocorticoid. DEXA-ARDS trial (PMID 32043986): 20 mg IV QD days 1–5 then 10 mg QD days 6–10; 60-day mortality 21% vs 36% (P=0.005); +4.8 ventilator-free days. Only pharmacological agent wi,,,,,
ARDS_POI_01900,diaphragm ultrasonography,POI_intervention,,,,,,
ARDS_POI_02320,early activity protocol in respiratory ICU,POI_intervention,,,,,,
ARDS_POI_01245,early use of pulmonary artery catheter,POI_intervention,,,,,,
ARDS_POI_01153,epidural anaesthesia and analgesia,POI_intervention,,,,,,
ARDS_POI_01554,fluid challenge,POI_intervention,,,,,,
ARDS_POI_01163,growth hormone administration,POI_intervention,,,,,,
ARDS_POI_01287,haloperidol for delirium in critical illness,POI_intervention,,,,,,
ARDS_POI_01278,high-flow oxygen therapy,POI_intervention,,,,,,
ARDS_POI_01504,high-frequency oscillatory ventilation,POI_intervention,,,,,,
ARDS_POI_02213,incentive spirometry,POI_intervention,,,,,,
ARDS_POI_02447,individualised open-lung approach during one-lung ventilation,POI_intervention,,,,,,
ARDS_POI_01715,inhaled nitric oxide,POI_intervention,,,,,,
ARDS_POI_01744,inspiratory pressure augmentation during spontaneous breathing trials,POI_intervention,,,,,,
ARDS_POI_01952,intensive insulin therapy,POI_intervention,,,,,,
ARDS_POI_01649,introduction of medical emergency team,POI_intervention,,,,,,
ARDS_POI_01217,large tidal volume ventilation,POI_intervention,,,,,,
ARDS_POI_02724,low-dose intravenous GM-CSF therapy,POI_intervention,,,,,,
ARDS_POI_01059,lung ultrasound for acute respiratory failure diagnosis,POI_intervention,,,,,,
ARDS_POI_02617,neurally adjusted ventilatory assist (NAVA),POI_intervention,,,,,,
ARDS_POI_02340,nitric oxide inhalation,POI_intervention,,,,,,
ARDS_POI_01507,non-invasive positive pressure ventilation,POI_intervention,,,,,,
ARDS_POI_01136,non-invasive ventilation,POI_intervention,,,,,,
ARDS_POI_01936,noninvasive measurement of indocyanine green plasma disappearance rate,POI_intervention,,,,,,
ARDS_POI_01565,noninvasive pressure support ventilation,POI_intervention,,,,,,
ARDS_POI_01077,once-daily spontaneous breathing trial,POI_intervention,,,,,,
ARDS_POI_02133,optoelectronic plethysmography,POI_intervention,,,,,,
ARDS_POI_01402,partial liquid ventilation,POI_intervention,,,,,,
ARDS_POI_02173,patient-directed music,POI_intervention,,,,,,
ARDS_POI_02412,postoperative respiratory failure risk calculator,POI_intervention,,,,,,
ARDS_POI_01502,pressure- and volume-limited ventilation,POI_intervention,,,,,,
ARDS_POI_02719,prevention of unplanned extubation,POI_intervention,,,,,,
ARDS_POI_01166,prolonged methylprednisolone therapy,POI_intervention,,,,,,
ARDS_POI_01121,prone positioning,POI_intervention,"Repositioning of mechanically ventilated patient face-down for ≥16h per session. PROSEVA (PMID 23688302): 28-day mortality 16.0% vs 32.8%, HR 0.39 (0.25–0.63), P<0.001. Indicated for severe ARDS (PaO₂",,,,,
ARDS_POI_01169,pulmonary-artery-catheter-guided-hemodynamic-management,POI_intervention,,,,,,
ARDS_POI_02518,recombinant factor VIIa,POI_intervention,,,,,,
ARDS_POI_01249,recombinant human angiotensin-converting enzyme 2 (rhACE2),POI_intervention,,,,,,
ARDS_POI_01998,recombinant human soluble thrombomodulin,POI_intervention,,,,,,
ARDS_POI_01172,respiratory changes in inferior vena cava diameter,POI_intervention,,,,,,
ARDS_POI_02059,respiratory muscle aid protocol,POI_intervention,,,,,,
ARDS_POI_02177,respiratory therapist-driven weaning protocol,POI_intervention,,,,,,
ARDS_POI_01308,serial blood lactate measurements,POI_intervention,,,,,,
ARDS_POI_01909,standardized rehabilitation therapy,POI_intervention,,,,,,
ARDS_POI_02499,therapeutic hypercapnia,POI_intervention,,,,,,
ARDS_POI_02535,time-cycled inspiratory pressure support ventilation,POI_intervention,,,,,,
ARDS_POI_01179,trophic enteral feeding for first 6 days,POI_intervention,,,,,,
ARDS_POI_02688,use of sedatives,POI_intervention,,,,,,
ARDS_POI_02017,ventilatory ratio,POI_intervention,,,,,,
ARDS_POI_01818,ACE I/D polymorphism,POI_mechanism,,,,,,
ARDS_POI_01819,ACE activity regulation,POI_mechanism,,,,,,
ARDS_POI_01255,Ace2 Repletion Lung Injury Attenuation,POI_mechanism,,,,,,
ARDS_POI_02759,Airway Mucus Clearance,POI_mechanism,,,,,,
ARDS_POI_01829,Altered surfactant phospholipid profile,POI_mechanism,,,,,,
ARDS_POI_01797,Alveolar Injury Attenuation,POI_mechanism,,,,,,
ARDS_POI_02680,Alveolar cell repair mechanisms,POI_mechanism,,,,,,
ARDS_POI_01062,Alveolar consolidation detection,POI_mechanism,,,,,,
ARDS_POI_02677,Alveolar epithelial barrier disruption,POI_mechanism,,,,,,
ARDS_POI_01823,Alveolar epithelial cell survival,POI_mechanism,,,,,,
ARDS_POI_02850,Alveolar fibrosis ards,POI_mechanism,Alveolar fibrosis occurring as a complication of ARDS. Fibroproliferative phase. Distinct from the broader ARDS syndrome definition which resides on ARDS_POI_03270.,,,,,
ARDS_POI_02851,Alveolar inflammation ards,POI_mechanism,,,,,,
ARDS_POI_01069,Alveolar overdistention minimization,POI_mechanism,,,,,,
ARDS_POI_02004,Alveolar strain minimization,POI_mechanism,,,,,,
ARDS_POI_02865,Ards right ventricle dysfunction,POI_mechanism,,,,,,
ARDS_POI_03223,Atelectrauma,POI_mechanism,VILI from repetitive cyclic alveolar collapse and re-expansion generating shear stress. Prevented by adequate PEEP.,,,,,
ARDS_POI_02628,Auto Triggering,POI_mechanism,,,,,,
ARDS_POI_02241,Benzodiazepine withdrawal,POI_mechanism,,,,,,
ARDS_POI_02530,Biomarkers Of Lung Injury,POI_mechanism,,,,,,
ARDS_POI_03224,Biotrauma,POI_mechanism,"Inflammatory VILI mediated by cytokines (IL-1β, IL-6, IL-8, TNF-α) released from mechanically stressed lung into systemic circulation, linking ventilator injury to distal organ failure.",,,,,
ARDS_POI_02306,Blunted EPO response in critical illness,POI_mechanism,,,,,,
ARDS_POI_02776,Breath Stacking Dyssynchrony,POI_mechanism,,,,,,
ARDS_POI_02517,Cardiac Output Reduction,POI_mechanism,,,,,,
ARDS_POI_02570,Convex V-P curve indicates hyperinflation,POI_mechanism,,,,,,
ARDS_POI_01301,Cytokine modulation,POI_mechanism,,,,,,
ARDS_POI_02464,Cytokine priming of neutrophils,POI_mechanism,,,,,,
ARDS_POI_02180,Daily screening of patients,POI_mechanism,,,,,,
ARDS_POI_02019,Dead space fraction (Vd/Vt),POI_mechanism,,,,,,
ARDS_POI_01400,Decreased Physiologic Deadspace Ratio,POI_mechanism,,,,,,
ARDS_POI_01826,Decreased lavageable surfactant pool,POI_mechanism,,,,,,
ARDS_POI_02705,Decreased plasma protein C levels,POI_mechanism,,,,,,
ARDS_POI_02697,Decreased right ventricular afterload,POI_mechanism,,,,,,
ARDS_POI_01993,Decreased shunt perfusion,POI_mechanism,,,,,,
ARDS_POI_01830,Decreased surfactant protein A (SP-A),POI_mechanism,,,,,,
ARDS_POI_02629,Delayed Cycling,POI_mechanism,,,,,,
ARDS_POI_01001,Dependent Lung Atelectasis (Olv Specific),POI_mechanism,,,,,,
ARDS_POI_01658,Diagnostic testing for ICUAW,POI_mechanism,,,,,,
ARDS_POI_01982,Diaphragm fatigue,POI_mechanism,,,,,,
ARDS_POI_01983,Diaphragmatic weakness,POI_mechanism,,,,,,
ARDS_POI_01227,Elevated interleukin-6 and interleukin-8,POI_mechanism,,,,,,
ARDS_POI_02678,Endothelial barrier dysfunction,POI_mechanism,,,,,,
ARDS_POI_01229,Epithelial cell apoptosis in kidney,POI_mechanism,,,,,,
ARDS_POI_01230,Epithelial cell apoptosis in small intestine,POI_mechanism,,,,,,
ARDS_POI_02631,Expiratory Leak Compensation,POI_mechanism,,,,,,
ARDS_POI_02540,Expiratory Trigger Cycling Disruption,POI_mechanism,,,,,,
ARDS_POI_01985,Expiratory muscle recruitment,POI_mechanism,,,,,,
ARDS_POI_02927,Extracellular matrix turnover ards,POI_mechanism,,,,,,
ARDS_POI_01535,Extrapulmonary Organ Function Improvement,POI_mechanism,,,,,,
ARDS_POI_01030,Extrapulmonary Organ Perfusion,POI_mechanism,,,,,,
ARDS_POI_02020,Failure to control viral replication,POI_mechanism,,,,,,
ARDS_POI_01360,Fluid overload (ARDS risk mechanism),POI_mechanism,,,,,,
ARDS_POI_01573,Gas Exchange Improvement,POI_mechanism,,,,,,
ARDS_POI_02048,Gas Exchange Improvement Nppv,POI_mechanism,,,,,,
ARDS_POI_02165,Gastric aspiration,POI_mechanism,,,,,,
ARDS_POI_01800,Glutathione repletion by NAC/OTZ,POI_mechanism,,,,,,
ARDS_POI_02731,Gm Csf Regulation Of Pulmonary Surfactant,POI_mechanism,,,,,,
ARDS_POI_02729,Gm Csf Stimulated Granulocyte Hemopoiesis,POI_mechanism,,,,,,
ARDS_POI_02730,Gm Csf Stimulated Macrophage Effector Function,POI_mechanism,,,,,,
ARDS_POI_01002,Gravity Induced Alveolar Compression,POI_mechanism,,,,,,
ARDS_POI_02933,Gravity induced alveolar compression prevention,POI_mechanism,,,,,,
ARDS_POI_02473,Heterogeneity of alveolar opening pressures,POI_mechanism,,,,,,
ARDS_POI_02361,Heterogeneity of treatment effect awareness in critical care RCTs,POI_mechanism,,,,,,
ARDS_POI_01382,Hypoventilation detection impairment,POI_mechanism,,,,,,
ARDS_POI_02513,Hypoxia prevention,POI_mechanism,,,,,,
ARDS_POI_02345,Hypoxic Vasoconstriction Reversal,POI_mechanism,,,,,,
ARDS_POI_02835,IL-6 regulation of TIMP synthesis,POI_mechanism,,,,,,
ARDS_POI_02778,Iatrogenic Lung Injury,POI_mechanism,,,,,,
ARDS_POI_02225,Immune Modulation,POI_mechanism,,,,,,
ARDS_POI_02359,Impaired Antifungal Defenses,POI_mechanism,,,,,,
ARDS_POI_02801,Impaired Microvascular Perfusion,POI_mechanism,,,,,,
ARDS_POI_01538,Impaired airway clearance,POI_mechanism,,,,,,
ARDS_POI_01471,Impaired alveolar fluid clearance,POI_mechanism,,,,,,
ARDS_POI_01210,Improved Lung Microvascular Permeability,POI_mechanism,,,,,,
ARDS_POI_01798,Improved Patient Outcomes,POI_mechanism,,,,,,
ARDS_POI_01399,Improved alveolar ventilation efficiency,POI_mechanism,,,,,,
ARDS_POI_02721,Inadequate tube fixation,POI_mechanism,,,,,,
ARDS_POI_02463,Inappropriate neutrophil adhesion and transendothelial migration,POI_mechanism,,,,,,
ARDS_POI_02695,Increased cardiac preload,POI_mechanism,,,,,,
ARDS_POI_02657,Increased right ventricular afterload,POI_mechanism,,,,,,
ARDS_POI_01615,Ineffective cough and excessive secretions,POI_mechanism,,,,,,
ARDS_POI_02598,Inefficient inspiratory efforts,POI_mechanism,,,,,,
ARDS_POI_01304,Inflammasome activation,POI_mechanism,,,,,,
ARDS_POI_01305,Inflammasome-regulated cytokine production,POI_mechanism,,,,,,
ARDS_POI_02501,Injurious effects of hypocapnia,POI_mechanism,,,,,,
ARDS_POI_02630,Inspiratory Leak Compensation,POI_mechanism,,,,,,
ARDS_POI_01881,Inspiratory Muscle Effort Reduction,POI_mechanism,,,,,,
ARDS_POI_01175,Intrathoracic pressure change,POI_mechanism,,,,,,
ARDS_POI_02529,Lung Endothelial Injury,POI_mechanism,,,,,,
ARDS_POI_02528,Lung Epithelial Injury,POI_mechanism,,,,,,
ARDS_POI_01029,Lung Function Improvement,POI_mechanism,,,,,,
ARDS_POI_03001,Lung inflammation ards,POI_mechanism,,,,,,
ARDS_POI_03003,Lung remodeling ards,POI_mechanism,,,,,,
ARDS_POI_01061,Lung sliding assessment,POI_mechanism,,,,,,
ARDS_POI_01060,Lung ultrasound artifacts,POI_mechanism,,,,,,
ARDS_POI_02168,McCabe score,POI_mechanism,,,,,,
ARDS_POI_01251,Modulation of RAS peptides,POI_mechanism,,,,,,
ARDS_POI_02248,NF-kappa B activation,POI_mechanism,,,,,,
ARDS_POI_03015,Neuromuscular dysfunction icu stay,POI_mechanism,,,,,,
ARDS_POI_02083,Neuromuscular weakness prevention,POI_mechanism,,,,,,
ARDS_POI_02029,Neutrophil Elastase Activity,POI_mechanism,,,,,,
ARDS_POI_02027,Neutrophil elastase inhibition,POI_mechanism,,,,,,
ARDS_POI_02240,Opioid withdrawal,POI_mechanism,,,,,,
ARDS_POI_01628,Optimal Airway Pressure Support,POI_mechanism,,,,,,
ARDS_POI_01003,Optimal Alveolar Recruitment Pressure,POI_mechanism,,,,,,
ARDS_POI_01318,Organ Dysfunction Prevention,POI_mechanism,,,,,,
ARDS_POI_02516,Oxygen Consumption Reduction,POI_mechanism,,,,,,
ARDS_POI_02621,Patient Ventilator Asynchrony Avoidance,POI_mechanism,,,,,,
ARDS_POI_02362,Patient risk variability in critical illness,POI_mechanism,,,,,,
ARDS_POI_03221,Patient self-inflicted lung injury,POI_mechanism,Lung injury from excessive inspiratory effort in spontaneously breathing ARF. Large negative pleural swings increase transpulmonary driving pressure. Explains ACURASYS vs ROSE discordance.,,,,,
ARDS_POI_01561,Peak inspiratory pressure limitation,POI_mechanism,,,,,,
ARDS_POI_03047,Persistent inflammation ards,POI_mechanism,,,,,,
ARDS_POI_03048,Persistent lv systolic dysfunction,POI_mechanism,,,,,,
ARDS_POI_02182,Physician prompt,POI_mechanism,,,,,,
ARDS_POI_01063,Pleural effusion detection,POI_mechanism,,,,,,
ARDS_POI_01005,Postoperative Diaphragmatic Dysfunction,POI_mechanism,,,,,,
ARDS_POI_02726,Preserved alveolar neutrophil function,POI_mechanism,,,,,,
ARDS_POI_01018,Prevention of alveolar overdistention,POI_mechanism,,,,,,
ARDS_POI_02620,Prevention of over-assistance,POI_mechanism,,,,,,
ARDS_POI_02831,Prevention of progressive lung injury,POI_mechanism,,,,,,
ARDS_POI_02244,Propofol withdrawal,POI_mechanism,,,,,,
ARDS_POI_01390,Pulmonary Edema Prevention,POI_mechanism,,,,,,
ARDS_POI_01534,Pulmonary Function Improvement,POI_mechanism,,,,,,
ARDS_POI_02269,Pulmonary Vascular Resistance Reduction,POI_mechanism,,,,,,
ARDS_POI_01824,Pulmonary fibroblast activation,POI_mechanism,,,,,,
ARDS_POI_01822,Pulmonary vascular permeability regulation,POI_mechanism,,,,,,
ARDS_POI_02032,Pulmonary vasodilation,POI_mechanism,,,,,,
ARDS_POI_01473,Rage Pathway Activation,POI_mechanism,,,,,,
ARDS_POI_01832,Rapid shallow breathing index,POI_mechanism,,,,,,
ARDS_POI_02071,Reconceptualization of critical illness,POI_mechanism,,,,,,
ARDS_POI_01578,Recruitment Of Atelectatic Lung Units,POI_mechanism,,,,,,
ARDS_POI_02428,Reduced left ventricular end-diastolic volume,POI_mechanism,,,,,,
ARDS_POI_03105,Reduced systemic inflammation,POI_mechanism,,,,,,
ARDS_POI_02589,Regional Alveolar Overdistension,POI_mechanism,,,,,,
ARDS_POI_01845,Respiratory Drive Reduction,POI_mechanism,,,,,,
ARDS_POI_01572,Respiratory Mechanics Optimization,POI_mechanism,,,,,,
ARDS_POI_01879,Respiratory Muscle Unloading,POI_mechanism,,,,,,
ARDS_POI_01004,Respiratory System Compliance Optimisation,POI_mechanism,,,,,,
ARDS_POI_01337,Respiratory Variation Pleural Pressure,POI_mechanism,,,,,,
ARDS_POI_01984,Rib cage muscle recruitment,POI_mechanism,,,,,,
ARDS_POI_02411,Right To Left Shunt Reduction,POI_mechanism,,,,,,
ARDS_POI_01336,SVC collapse due to ventricular underfilling,POI_mechanism,,,,,,
ARDS_POI_01851,Sbt Success Messaging,POI_mechanism,,,,,,
ARDS_POI_02242,Sedative withdrawal,POI_mechanism,,,,,,
ARDS_POI_03129,Surfactant aggregate dysfunction,POI_mechanism,,,,,,
ARDS_POI_02541,Time Cycled Vs Flow Cycled Expiratory Trigger,POI_mechanism,,,,,,
ARDS_POI_02539,Time-cycled expiratory trigger,POI_mechanism,,,,,,
ARDS_POI_02324,Transfer to respiratory ICU,POI_mechanism,,,,,,
ARDS_POI_01143,Transpulmonary pressure monitoring,POI_mechanism,,,,,,
ARDS_POI_02164,Trauma,POI_mechanism,,,,,,
ARDS_POI_02363,Treatment benefit variability in critical illness,POI_mechanism,,,,,,
ARDS_POI_01064,Ultrasound profile integration,POI_mechanism,,,,,,
ARDS_POI_02073,Underlying biological changes in critical illness,POI_mechanism,,,,,,
ARDS_POI_02115,Upper inflection point identification,POI_mechanism,,,,,,
ARDS_POI_01208,Vasodilatory Effects Epa Gla,POI_mechanism,,,,,,
ARDS_POI_01176,Venous return change,POI_mechanism,,,,,,
ARDS_POI_02344,Ventilation Perfusion Mismatch Copd,POI_mechanism,,,,,,
ARDS_POI_01294,Ventilation-perfusion matching improvement,POI_mechanism,,,,,,
ARDS_POI_02066,Ventilator leak magnitude,POI_mechanism,,,,,,
ARDS_POI_01081,Ventilator rate titration,POI_mechanism,,,,,,
ARDS_POI_03222,Volutrauma,POI_mechanism,"VILI from excessive tidal volume causing alveolar overdistension. Prevented by 6 ml/kg PBW strategy (ARMA, PMID 10793162).",,,,,
ARDS_POI_02047,Work Of Breathing Reduction Nppv,POI_mechanism,,,,,,
ARDS_POI_02676,cellular repair mechanisms in ventilator-associated lung injury,POI_mechanism,,,,,,
ARDS_POI_01469,elevated plasma sRAGE,POI_mechanism,,,,,,
ARDS_POI_02348,hypercapnic acidosis,POI_mechanism,,,,,,
ARDS_POI_02305,inappropriately low EPO levels in critical illness,POI_mechanism,,,,,,
ARDS_POI_01303,inflammasome pathway regulation,POI_mechanism,,,,,,
ARDS_POI_02655,pulmonary vascular dysfunction,POI_mechanism,,,,,,
ARDS_POI_02390,status asthmaticus inflammatory profile,POI_mechanism,,,,,,
ARDS_POI_02451,"0.38 per 1,000 adult population",POI_outcome,,,,,,
ARDS_POI_02841,48 hr neuromuscular blocking agents nmba,POI_outcome,,,,,,
ARDS_POI_02842,80 percent oxygen perioperative,POI_outcome,,,,,,
ARDS_POI_01187,ALI diagnosis threshold,POI_outcome,,,,,,
ARDS_POI_03067,ARDS incidence reduction,POI_outcome,,,,,,
ARDS_POI_02844,Abdominal contribution inspired volume,POI_outcome,,,,,,
ARDS_POI_02138,Abdominal contribution to inspired volume,POI_outcome,,,,,,
ARDS_POI_02846,Ace2 repletion rhace2,POI_outcome,,,,,,
ARDS_POI_02480,Acute cardiac injury,POI_outcome,,,,,,
ARDS_POI_02245,Acute withdrawal syndrome,POI_outcome,,,,,,
ARDS_POI_02487,Airflow obstruction,POI_outcome,,,,,,
ARDS_POI_02847,Altered surfactant composition,POI_outcome,,,,,,
ARDS_POI_02848,Alveolar collapse cyclic reopening,POI_outcome,,,,,,
ARDS_POI_02849,Alveolar collapse cyclic reopening prevention,POI_outcome,,,,,,
ARDS_POI_02852,Alveolar protein leak,POI_outcome,,,,,,
ARDS_POI_02855,Antiinflammatory mediator upregulation,POI_outcome,,,,,,
ARDS_POI_02863,Ards incidence reduction,POI_outcome,,,,,,
ARDS_POI_02866,Ards subphenotype assignment accuracy,POI_outcome,,,,,,
ARDS_POI_02867,Ards subphenotype prognostic value,POI_outcome,,,,,,
ARDS_POI_02520,Arterial thromboembolism,POI_outcome,,,,,,
ARDS_POI_01904,Assess diaphragm atrophy,POI_outcome,,,,,,
ARDS_POI_01393,Assessment of global lung aeration,POI_outcome,,,,,,
ARDS_POI_01395,Assessment of regional lung aeration,POI_outcome,,,,,,
ARDS_POI_02870,Association with ALI/ARDS development,POI_outcome,,,,,,
ARDS_POI_02871,Association with ARDS development,POI_outcome,,,,,,
ARDS_POI_01752,Atrial fibrillation incidence,POI_outcome,,,,,,
ARDS_POI_01682,Avoid respiratory muscle paralysis in asthma,POI_outcome,,,,,,
ARDS_POI_02873,Avoidance of intubation complications,POI_outcome,,,,,,
ARDS_POI_02874,Avoided intubation,POI_outcome,,,,,,
ARDS_POI_02875,Avoided intubation in copd,POI_outcome,,,,,,
ARDS_POI_02876,Avoided intubation sars arf,POI_outcome,,,,,,
ARDS_POI_02643,Cardiac injury,POI_outcome,,,,,,
ARDS_POI_02879,Cardiovascular evaluation lung cancer,POI_outcome,,,,,,
ARDS_POI_02254,Cephalocaudal gradient in aeration,POI_outcome,,,,,,
ARDS_POI_02488,Chest wall restriction,POI_outcome,,,,,,
ARDS_POI_02479,Coagulopathy,POI_outcome,,,,,,
ARDS_POI_02137,Compartmental chest wall volume measurement,POI_outcome,,,,,,
ARDS_POI_01544,Composite clinical worsening,POI_outcome,,,,,,
ARDS_POI_02881,Composite death or severe disability 90d,POI_outcome,,,,,,
ARDS_POI_02883,Cooling febrile critically ill,POI_outcome,,,,,,
ARDS_POI_02885,Correlation invasive noninvasive indocyanine green pdr,POI_outcome,,,,,,
ARDS_POI_02136,Correlation with spirometry and pneumotachography,POI_outcome,,,,,,
ARDS_POI_02890,Cpet vo2max risk prediction,POI_outcome,,,,,,
ARDS_POI_02893,Custom ml model,POI_outcome,,,,,,
ARDS_POI_02894,Cytokine primed neutrophil activation,POI_outcome,,,,,,
ARDS_POI_01289,Days alive without delirium or coma,POI_outcome,,,,,,
ARDS_POI_01340,Days free of respiratory support within 28 days,POI_outcome,,,,,,
ARDS_POI_02895,Days free respiratory support 28d,POI_outcome,,,,,,
ARDS_POI_01537,Deconditioning,POI_outcome,,,,,,
ARDS_POI_02896,Decreased 1993 1996,POI_outcome,,,,,,
ARDS_POI_02897,Decreased bmi,POI_outcome,,,,,,
ARDS_POI_01259,Decreased cardiovascular complications,POI_outcome,,,,,,
ARDS_POI_01220,Decreased interleukin-6,POI_outcome,,,,,,
ARDS_POI_01221,Decreased interleukin-8,POI_outcome,,,,,,
ARDS_POI_02898,Decreased need for intubation,POI_outcome,,,,,,
ARDS_POI_02900,Decreased use simv,POI_outcome,,,,,,
ARDS_POI_02904,Delayed intubation timing,POI_outcome,,,,,,
ARDS_POI_01486,Delirium/Coma-Free Days,POI_outcome,,,,,,
ARDS_POI_02906,Dependent lung filling perflubron,POI_outcome,,,,,,
ARDS_POI_02908,Dexmedetomidine,POI_outcome,,,,,,
ARDS_POI_02794,Diagnostic yield for identifying cause of acute respiratory failure,POI_outcome,,,,,,
ARDS_POI_01815,Diffuse alveolar damage at autopsy,POI_outcome,,,,,,
ARDS_POI_01653,Discharge to home vs rehabilitation facility in ICUAW,POI_outcome,,,,,,
ARDS_POI_01484,Discharged Alive Within 28 Days,POI_outcome,,,,,,
ARDS_POI_02913,Dlco assessment lung cancer,POI_outcome,,,,,,
ARDS_POI_03225,Driving pressure,POI_outcome,"ΔP = Pplat − PEEP. Tidal volume normalised to functional lung size. ΔP >15 cmH₂O independently predicts ARDS mortality (Amato NEJM 2015, PMID 25693014).",,,,,
ARDS_POI_01755,Driving pressure,POI_outcome,,,,,,
ARDS_POI_02916,Early mobilisation,POI_outcome,,,,,,
ARDS_POI_02917,Early pac use,POI_outcome,,,,,,
ARDS_POI_02918,Ecco2r co2 removal,POI_outcome,,,,,,
ARDS_POI_02923,Education program vap prevention,POI_outcome,,,,,,
ARDS_POI_02435,Elevated FiO2 requirement,POI_outcome,,,,,,
ARDS_POI_01045,Executive function impairment,POI_outcome,,,,,,
ARDS_POI_02926,Exogenous surfactant protein c based,POI_outcome,,,,,,
ARDS_POI_01193,External validation of RESP score AUC,POI_outcome,,,,,,
ARDS_POI_02928,Extracorporeal lung assist,POI_outcome,,,,,,
ARDS_POI_03287,Extravascular lung water index,POI_outcome,Extravascular lung water index (EVLWI) and Pulmonary Vascular Permeability Index (PVPI) measured via transpulmonary thermodilution. EVLWI >10 mL/kg and PVPI >3 indicate increased permeability pulmonar,,,,,
ARDS_POI_01732,Faster clinical resolution,POI_outcome,,,,,,
ARDS_POI_01174,Fluid responsiveness prediction,POI_outcome,,,,,,
ARDS_POI_01916,Functional Performance Inventory score,POI_outcome,,,,,,
ARDS_POI_01183,Gastrointestinal intolerances,POI_outcome,,,,,,
ARDS_POI_01044,Global cognitive impairment,POI_outcome,,,,,,
ARDS_POI_02931,Glutathione repletion nac otz,POI_outcome,,,,,,
ARDS_POI_02932,Gm csf therapy,POI_outcome,,,,,,
ARDS_POI_01310,Guide therapy,POI_outcome,,,,,,
ARDS_POI_02934,Handgrip dynamometry,POI_outcome,,,,,,
ARDS_POI_01751,Heart rate increase,POI_outcome,,,,,,
ARDS_POI_02939,High flow nasal oxygen physiological support,POI_outcome,,,,,,
ARDS_POI_02940,High incidence elderly,POI_outcome,,,,,,
ARDS_POI_02942,High vt volutrauma,POI_outcome,,,,,,
ARDS_POI_01517,Higher failure rate during spontaneous breathing trial,POI_outcome,,,,,,
ARDS_POI_02131,Higher hospital costs,POI_outcome,,,,,,
ARDS_POI_01086,"Higher mortality, fewer ventilator-free days, fewer organ failure-free days",POI_outcome,,,,,,
ARDS_POI_01662,ICU intubation bundle management protocol,POI_outcome,,,,,,
ARDS_POI_01213,ICU-acquired paresis diagnosis,POI_outcome,,,,,,
ARDS_POI_01660,ICUAW outcomes,POI_outcome,,,,,,
ARDS_POI_01115,Immobilization Weakness Critical Illness,POI_outcome,,,,,,
ARDS_POI_02037,Impact on critical care capacity,POI_outcome,,,,,,
ARDS_POI_02948,Impaired functional capacity ali,POI_outcome,,,,,,
ARDS_POI_02812,Impaired functional capacity in ALI survivors,POI_outcome,,,,,,
ARDS_POI_02762,Improved 1-year survival in OHS vs COPD,POI_outcome,,,,,,
ARDS_POI_02743,Improved 5-year survival,POI_outcome,,,,,,
ARDS_POI_01262,Improved 90-day survival,POI_outcome,,,,,,
ARDS_POI_01893,Improved ICU survival,POI_outcome,,,,,,
ARDS_POI_01988,Improved MODS score,POI_outcome,,,,,,
ARDS_POI_01119,Improved SOFA score at 7 days,POI_outcome,,,,,,
ARDS_POI_02155,Improved arterial blood gases,POI_outcome,,,,,,
ARDS_POI_02147,Improved breathing pattern and synchrony,POI_outcome,,,,,,
ARDS_POI_02951,Improved breathing pattern synchrony,POI_outcome,,,,,,
ARDS_POI_01576,Improved cardiopulmonary function,POI_outcome,,,,,,
ARDS_POI_02234,Improved clinical recovery,POI_outcome,,,,,,
ARDS_POI_01263,Improved hypoxemia and tachypnea,POI_outcome,,,,,,
ARDS_POI_02952,Improved interobserver agreement,POI_outcome,,,,,,
ARDS_POI_02623,Improved outcome,POI_outcome,,,,,,
ARDS_POI_02156,Improved patient tolerance,POI_outcome,,,,,,
ARDS_POI_02537,Improved patient-ventilator synchronization,POI_outcome,,,,,,
ARDS_POI_01406,Improved pulmonary compliance,POI_outcome,,,,,,
ARDS_POI_02959,Improved pulmonary physiology,POI_outcome,,,,,,
ARDS_POI_01139,Improved quality of life in ALS,POI_outcome,,,,,,
ARDS_POI_02960,Improved respiratory compliance,POI_outcome,,,,,,
ARDS_POI_02217,Improved respiratory parameters,POI_outcome,,,,,,
ARDS_POI_02961,Improved respiratory parameters copd exacerbation,POI_outcome,,,,,,
ARDS_POI_01512,Improved respiratory parameters in COPD exacerbation,POI_outcome,,,,,,
ARDS_POI_01138,Improved survival in ALS,POI_outcome,,,,,,
ARDS_POI_02504,Improved survival to hospital discharge,POI_outcome,,,,,,
ARDS_POI_01552,Improved ventilation practices,POI_outcome,,,,,,
ARDS_POI_01992,Improved ventilation-perfusion relationships (VA/Q),POI_outcome,,,,,,
ARDS_POI_01958,Improved ventilator liberation,POI_outcome,,,,,,
ARDS_POI_01748,Improved ventilator liberation outcomes,POI_outcome,,,,,,
ARDS_POI_01551,Improved weaning outcomes,POI_outcome,,,,,,
ARDS_POI_02962,Inappropriate neutrophil adhesion migration,POI_outcome,,,,,,
ARDS_POI_02963,Incidence ali,POI_outcome,,,,,,
ARDS_POI_01738,Incidence of ALI,POI_outcome,,,,,,
ARDS_POI_02964,Increased 1979 1993,POI_outcome,,,,,,
ARDS_POI_01198,Increased IV vasodilator use,POI_outcome,,,,,,
ARDS_POI_01677,Increased adverse events,POI_outcome,,,,,,
ARDS_POI_02322,Increased ambulation,POI_outcome,,,,,,
ARDS_POI_02967,Increased bmi,POI_outcome,,,,,,
ARDS_POI_01171,Increased catheter-related complications,POI_outcome,,,,,,
ARDS_POI_02969,Increased complications,POI_outcome,,,,,,
ARDS_POI_01548,Increased first-attempt extubation success,POI_outcome,,,,,,
ARDS_POI_02109,Increased hyperglycemia requiring treatment,POI_outcome,,,,,,
ARDS_POI_02971,Increased icu los cpe aoc,POI_outcome,,,,,,
ARDS_POI_01197,Increased inotrope use,POI_outcome,,,,,,
ARDS_POI_02694,Increased intra-abdominal pressure,POI_outcome,,,,,,
ARDS_POI_02972,Increased intubation 28d,POI_outcome,,,,,,
ARDS_POI_02975,Increased intubation risk standard oxygen,POI_outcome,,,,,,
ARDS_POI_02375,Increased intubation risk with standard oxygen,POI_outcome,,,,,,
ARDS_POI_02356,Increased invasive pulmonary aspergillosis,POI_outcome,,,,,,
ARDS_POI_02976,Increased methemoglobin,POI_outcome,,,,,,
ARDS_POI_01706,Increased methemoglobin levels,POI_outcome,,,,,,
ARDS_POI_01365,Increased mortality in acute kidney injury,POI_outcome,,,,,,
ARDS_POI_02798,Increased pressure ulcers,POI_outcome,,,,,,
ARDS_POI_02978,Increased pt provision icu survivors,POI_outcome,,,,,,
ARDS_POI_01717,Increased renal dysfunction,POI_outcome,,,,,,
ARDS_POI_02980,Increased risk arf development,POI_outcome,,,,,,
ARDS_POI_02562,Increased risk of ARF development,POI_outcome,,,,,,
ARDS_POI_01377,Increased serum protein,POI_outcome,,,,,,
ARDS_POI_01258,Increased severe illness,POI_outcome,,,,,,
ARDS_POI_01079,Increased successful weaning rate,POI_outcome,,,,,,
ARDS_POI_01974,Increased total weaning duration,POI_outcome,,,,,,
ARDS_POI_02179,Increased weaning rate,POI_outcome,,,,,,
ARDS_POI_02983,Ineffective cough excessive secretions,POI_outcome,,,,,,
ARDS_POI_02984,Inflammatory cytokine signaling,POI_outcome,,,,,,
ARDS_POI_02985,Inhaled nitric oxide inhno,POI_outcome,,,,,,
ARDS_POI_02986,Inhaled nitric oxide ino,POI_outcome,,,,,,
ARDS_POI_02988,Interruption of inhaled nitric oxide,POI_outcome,,,,,,
ARDS_POI_02989,Intravenous nac treatment,POI_outcome,,,,,,
ARDS_POI_02990,Ivc diameter respiratory variation,POI_outcome,,,,,,
ARDS_POI_02590,Limiting plateau pressure during mechanical ventilation,POI_outcome,,,,,,
ARDS_POI_01856,Long-term cognitive impairment,POI_outcome,,,,,,
ARDS_POI_02130,Longer hospital stay,POI_outcome,,,,,,
ARDS_POI_02997,Low evlw,POI_outcome,,,,,,
ARDS_POI_02806,Lower chest radiography score in SARS-related ARF,POI_outcome,,,,,,
ARDS_POI_02998,Lower cxr score sars arf,POI_outcome,,,,,,
ARDS_POI_02999,Lower lobe volume loss,POI_outcome,,,,,,
ARDS_POI_01928,Lower oxygenation target (Pao2 60 mmHg),POI_outcome,,,,,,
ARDS_POI_03000,Lung compliance optimization,POI_outcome,,,,,,
ARDS_POI_02098,Lung injury score improvement,POI_outcome,,,,,,
ARDS_POI_03002,Lung overdistension detection,POI_outcome,,,,,,
ARDS_POI_03004,Lv end diastolic volume reduction,POI_outcome,,,,,,
ARDS_POI_02644,Lymphocytopenia,POI_outcome,,,,,,
ARDS_POI_03226,Mechanical power,POI_outcome,Energy delivered to respiratory system per minute (J/min). >17 J/min associated with increased ARDS mortality (PMID 28985207).,,,,,
ARDS_POI_03280,Mechanical power exceeding 17 J/min,POI_outcome,Ventilator-delivered mechanical power (MP) to the respiratory system exceeding 17 J/min — the dose-dependent mortality threshold established in ARDS cohorts (Serpa Neto 2018 PMID:28985207; Coppola 202,,,,,
ARDS_POI_03227,Mesenteric ischemia in ARDS,POI_outcome,Ischemic gut injury from extreme systemic hypoxaemia. LOCO₂ 2020 (PMID 32160661): 5 events with conservative O₂ (PaO₂ 55–70 mmHg) vs 0 in liberal group. Defines lower safety boundary of O₂ conservatio,,,,,
ARDS_POI_01917,Mini-Mental State Examination score,POI_outcome,,,,,,
ARDS_POI_03007,Moderate interobserver agreement,POI_outcome,,,,,,
ARDS_POI_01903,Monitor respiratory muscle workload,POI_outcome,,,,,,
ARDS_POI_03008,Monitor respiratory workload,POI_outcome,,,,,,
ARDS_POI_01388,More ICU-free days,POI_outcome,,,,,,
ARDS_POI_03010,Multi cytokine expression,POI_outcome,,,,,,
ARDS_POI_02749,Muscle Strength Survival Association,POI_outcome,,,,,,
ARDS_POI_02264,Mv Induced Inspiratory Muscle Weakness,POI_outcome,,,,,,
ARDS_POI_03011,N 3 fatty acid gamma linolenic acid antioxidant enteral supplementation,POI_outcome,,,,,,
ARDS_POI_03013,Net inflammatory activity,POI_outcome,,,,,,
ARDS_POI_02555,Neurologic failure on ICU admission,POI_outcome,,,,,,
ARDS_POI_03017,Nippv for sars arf,POI_outcome,,,,,,
ARDS_POI_03021,Nmba withdrawal,POI_outcome,,,,,,
ARDS_POI_02807,No SARS transmission to healthcare workers,POI_outcome,,,,,,
ARDS_POI_03022,No benefit from ARDS treatment strategy,POI_outcome,,,,,,
ARDS_POI_03023,No change cardiac index with prone,POI_outcome,,,,,,
ARDS_POI_03024,No change in ARDS incidence on hospital admission,POI_outcome,,,,,,
ARDS_POI_01025,No change in nonpulmonary organ failures,POI_outcome,,,,,,
ARDS_POI_02310,No change in sustained FiO2 decrease at 72h,POI_outcome,,,,,,
ARDS_POI_03025,No change reintubation rate,POI_outcome,,,,,,
ARDS_POI_01156,No difference in major adverse outcomes,POI_outcome,,,,,,
ARDS_POI_02081,"No difference in physical function at 1, 3, 6 months",POI_outcome,,,,,,
ARDS_POI_01840,No effect on surgical site infection within 14 days,POI_outcome,,,,,,
ARDS_POI_01196,No impact on hospital length of stay,POI_outcome,,,,,,
ARDS_POI_03026,No improvement ards outcomes,POI_outcome,,,,,,
ARDS_POI_01170,No improvement in survival or organ function,POI_outcome,,,,,,
ARDS_POI_03027,No increased intubation requirement,POI_outcome,,,,,,
ARDS_POI_02208,No inferior diagnosis rate,POI_outcome,,,,,,
ARDS_POI_02214,No reduction in PPCs after cardiac or abdominal surgery,POI_outcome,,,,,,
ARDS_POI_03029,No reduction in PPCs after cardiac or abdominal surgery,POI_outcome,,,,,,
ARDS_POI_03028,No reduction intubation risk,POI_outcome,,,,,,
ARDS_POI_03030,No reduction reintubation rate,POI_outcome,,,,,,
ARDS_POI_01878,No respiratory muscle unloading,POI_outcome,,,,,,
ARDS_POI_03031,No sars transmission to hcw,POI_outcome,,,,,,
ARDS_POI_01124,No survival benefit,POI_outcome,,,,,,
ARDS_POI_03033,Noninvasive testing,POI_outcome,,,,,,
ARDS_POI_02132,Nonpulmonary organ dysfunction,POI_outcome,,,,,,
ARDS_POI_03034,Normal emotional function post ards,POI_outcome,,,,,,
ARDS_POI_03036,Nppv emergency department,POI_outcome,,,,,,
ARDS_POI_03037,Null effect 6ml group,POI_outcome,,,,,,
ARDS_POI_03038,Old age 70y,POI_outcome,,,,,,
ARDS_POI_03039,Orotracheal intubation,POI_outcome,,,,,,
ARDS_POI_03043,Peak cough flow threshold 160 lmin,POI_outcome,,,,,,
ARDS_POI_02750,Persistent Resolving Weakness Trajectories,POI_outcome,,,,,,
ARDS_POI_03051,Physiotherapy target,POI_outcome,,,,,,
ARDS_POI_02100,Poor hospital discharge outcomes,POI_outcome,,,,,,
ARDS_POI_02113,Poor quality-adjusted survival at 12 months,POI_outcome,,,,,,
ARDS_POI_03052,Poor recovery from septic shock,POI_outcome,,,,,,
ARDS_POI_03053,Postop pulmonary reserve estimation,POI_outcome,,,,,,
ARDS_POI_01075,Postoperative pulmonary complications,POI_outcome,,,,,,
ARDS_POI_02413,Postoperative respiratory failure,POI_outcome,,,,,,
ARDS_POI_01831,Predictors of extubation failure,POI_outcome,,,,,,
ARDS_POI_03055,Preload defect septic shock,POI_outcome,,,,,,
ARDS_POI_03056,Preop risk assessment lung cancer resection,POI_outcome,,,,,,
ARDS_POI_01699,Preoperative risk assessment for lung cancer resection,POI_outcome,,,,,,
ARDS_POI_03057,Pressure support level,POI_outcome,,,,,,
ARDS_POI_03058,Pressure volume limitation strategy pls,POI_outcome,,,,,,
ARDS_POI_02775,Prevention of breath stacking dyssynchrony,POI_outcome,,,,,,
ARDS_POI_02681,Prevention of ventilator-associated lung injury,POI_outcome,,,,,,
ARDS_POI_03059,Primary ml model,POI_outcome,,,,,,
ARDS_POI_03061,Proinflammatory cytokine upregulation,POI_outcome,,,,,,
ARDS_POI_03062,Proinflammatory signaling cascades,POI_outcome,,,,,,
ARDS_POI_03063,Prolonged sars cov 2 rna clearance,POI_outcome,,,,,,
ARDS_POI_02441,Proportion alive at day 29,POI_outcome,,,,,,
ARDS_POI_02486,Pulmonary diffusion impairment,POI_outcome,,,,,,
ARDS_POI_03064,Ras peptide modulation,POI_outcome,,,,,,
ARDS_POI_02097,Reduced FiO2 requirements,POI_outcome,,,,,,
ARDS_POI_01493,Reduced ICU costs,POI_outcome,,,,,,
ARDS_POI_01112,Reduced ICU length of stay,POI_outcome,,,,,,
ARDS_POI_01024,Reduced ICU stay duration,POI_outcome,,,,,,
ARDS_POI_02186,Reduced VAP rate,POI_outcome,,,,,,
ARDS_POI_01201,Reduced WHO-CPS >5 at day 4,POI_outcome,,,,,,
ARDS_POI_02634,Reduced alveolar derecruitment during suctioning,POI_outcome,,,,,,
ARDS_POI_02175,Reduced anxiety in ventilated patients,POI_outcome,,,,,,
ARDS_POI_03068,Reduced ards incidence,POI_outcome,,,,,,
ARDS_POI_03069,Reduced ards incidence 7d,POI_outcome,,,,,,
ARDS_POI_03070,Reduced ards severity by day 7,POI_outcome,,,,,,
ARDS_POI_03071,Reduced auto triggering,POI_outcome,,,,,,
ARDS_POI_03072,Reduced cardiac output,POI_outcome,,,,,,
ARDS_POI_01013,Reduced clinical barotrauma,POI_outcome,,,,,,
ARDS_POI_01887,Reduced duration of invasive ventilation,POI_outcome,,,,,,
ARDS_POI_02302,Reduced dyspnea and opioid use,POI_outcome,,,,,,
ARDS_POI_03073,Reduced dyspnea opioid use,POI_outcome,,,,,,
ARDS_POI_01236,Reduced fatal complications,POI_outcome,,,,,,
ARDS_POI_01997,Reduced gastrointestinal intolerance,POI_outcome,,,,,,
ARDS_POI_03076,Reduced gi intolerance,POI_outcome,,,,,,
ARDS_POI_01790,Reduced health-related quality of life,POI_outcome,,,,,,
ARDS_POI_01494,Reduced hospital costs,POI_outcome,,,,,,
ARDS_POI_01113,Reduced hospital length of stay,POI_outcome,,,,,,
ARDS_POI_03077,Reduced hospital stay,POI_outcome,,,,,,
ARDS_POI_03078,Reduced hrql,POI_outcome,,,,,,
ARDS_POI_03079,Reduced icu stay,POI_outcome,,,,,,
ARDS_POI_03080,Reduced il6 levels,POI_outcome,,,,,,
ARDS_POI_01954,Reduced incidence of critical illness polyneuropathy/myopathy,POI_outcome,,,,,,
ARDS_POI_03081,Reduced incidence of septic shock,POI_outcome,,,,,,
ARDS_POI_03082,Reduced inflammation ards,POI_outcome,,,,,,
ARDS_POI_03083,Reduced inflammatory cytokine production,POI_outcome,,,,,,
ARDS_POI_02280,Reduced inspiratory effort,POI_outcome,,,,,,
ARDS_POI_03084,Reduced inspiratory muscle effort,POI_outcome,,,,,,
ARDS_POI_01625,Reduced interface displacements,POI_outcome,,,,,,
ARDS_POI_03085,Reduced intubation 28d,POI_outcome,,,,,,
ARDS_POI_03086,Reduced intubation for cards,POI_outcome,,,,,,
ARDS_POI_03087,Reduced intubation rate,POI_outcome,,,,,,
ARDS_POI_03088,Reduced intubation rate ards,POI_outcome,,,,,,
ARDS_POI_03089,Reduced intubation rate hypercapnic subgroup,POI_outcome,,,,,,
ARDS_POI_03090,Reduced life threatening intubation complications,POI_outcome,,,,,,
ARDS_POI_01252,Reduced lung injury,POI_outcome,,,,,,
ARDS_POI_03091,Reduced mild moderate intubation complications,POI_outcome,,,,,,
ARDS_POI_03092,Reduced need for intubation,POI_outcome,,,,,,
ARDS_POI_03093,Reduced need for intubation copd exacerbation,POI_outcome,,,,,,
ARDS_POI_03094,Reduced need for oxygen escalation,POI_outcome,,,,,,
ARDS_POI_01921,Reduced need for rescue therapy,POI_outcome,,,,,,
ARDS_POI_01890,Reduced need for tracheotomy,POI_outcome,,,,,,
ARDS_POI_01943,Reduced new oxygen requirement at 1 year in COPD,POI_outcome,,,,,,
ARDS_POI_02219,Reduced nosocomial infections,POI_outcome,,,,,,
ARDS_POI_03097,Reduced opening closing lung tissue ards,POI_outcome,,,,,,
ARDS_POI_02502,Reduced organ injury,POI_outcome,,,,,,
ARDS_POI_01626,Reduced oxygen desaturations,POI_outcome,,,,,,
ARDS_POI_02065,Reduced patient comfort,POI_outcome,,,,,,
ARDS_POI_01624,Reduced patient discomfort,POI_outcome,,,,,,
ARDS_POI_01329,Reduced plasma IL-6 levels,POI_outcome,,,,,,
ARDS_POI_03098,Reduced plasma il6 levels,POI_outcome,,,,,,
ARDS_POI_01280,Reduced postextubation respiratory failure within 72 hours,POI_outcome,,,,,,
ARDS_POI_01155,Reduced postoperative pain,POI_outcome,,,,,,
ARDS_POI_02077,Reduced postoperative respiratory complications,POI_outcome,,,,,,
ARDS_POI_03099,Reduced progression ards,POI_outcome,,,,,,
ARDS_POI_01067,Reduced pulmonary and systemic cytokine response,POI_outcome,,,,,,
ARDS_POI_02342,Reduced pulmonary artery pressure,POI_outcome,,,,,,
ARDS_POI_01205,Reduced pulmonary neutrophil recruitment,POI_outcome,,,,,,
ARDS_POI_01942,Reduced rehospitalization at 1 year in COPD,POI_outcome,,,,,,
ARDS_POI_03100,Reduced reintubation 72h,POI_outcome,,,,,,
ARDS_POI_03101,Reduced reintubation 7d,POI_outcome,,,,,,
ARDS_POI_03102,Reduced reintubation rate,POI_outcome,,,,,,
ARDS_POI_02144,Reduced respiratory muscle pressure-time index,POI_outcome,,,,,,
ARDS_POI_02043,Reduced respiratory rate,POI_outcome,,,,,,
ARDS_POI_02176,Reduced sedative exposure in ventilated patients,POI_outcome,,,,,,
ARDS_POI_01160,Reduced serious complications,POI_outcome,,,,,,
ARDS_POI_01704,Reduced serum IL-6 levels,POI_outcome,,,,,,
ARDS_POI_03104,Reduced severe postoperative ppcs 7d,POI_outcome,,,,,,
ARDS_POI_02030,Reduced shunt flow,POI_outcome,,,,,,
ARDS_POI_02107,Reduced time to clinical stability,POI_outcome,,,,,,
ARDS_POI_01587,Reduced time with FiO2 > 50%,POI_outcome,,,,,,
ARDS_POI_03106,Reduced total lung volume ali,POI_outcome,,,,,,
ARDS_POI_02253,Reduced total lung volume in ALI,POI_outcome,,,,,,
ARDS_POI_01847,Reduced total ventilation duration,POI_outcome,,,,,,
ARDS_POI_01631,Reduced treatment failure,POI_outcome,,,,,,
ARDS_POI_01511,Reduced treatment failure in COPD exacerbation,POI_outcome,,,,,,
ARDS_POI_03107,Reduced vap,POI_outcome,,,,,,
ARDS_POI_03108,Reduced vap incidence,POI_outcome,,,,,,
ARDS_POI_03109,Reduced vili ards,POI_outcome,,,,,,
ARDS_POI_01078,Reduced weaning duration,POI_outcome,,,,,,
ARDS_POI_03110,Reduced who cps above 5 day4,POI_outcome,,,,,,
ARDS_POI_02143,Reduced work of breathing,POI_outcome,,,,,,
ARDS_POI_01326,Reduced worse clinical status on WHO-CPS at day 28,POI_outcome,,,,,,
ARDS_POI_03111,Reduced worse clinical status who cps day28,POI_outcome,,,,,,
ARDS_POI_02596,Reduction in inefficient inspiratory efforts,POI_outcome,,,,,,
ARDS_POI_03113,Reintubation 48h,POI_outcome,,,,,,
ARDS_POI_03114,Reintubation requirement,POI_outcome,,,,,,
ARDS_POI_01057,Renal replacement therapy,POI_outcome,,,,,,
ARDS_POI_03115,Resp score external validation auc,POI_outcome,,,,,,
ARDS_POI_01496,Respiratory Failure Reversal Recognition,POI_outcome,,,,,,
ARDS_POI_03116,Respiratory intensive care transfer,POI_outcome,,,,,,
ARDS_POI_02639,Respiratory muscle weakness in Guillain-Barré syndrome,POI_outcome,,,,,,
ARDS_POI_02795,Respiratory status deterioration,POI_outcome,,,,,,
ARDS_POI_03228,Right ventricular failure in ARDS,POI_outcome,Acute cor pulmonale complicating moderate-severe ARDS (~20–25% prevalence). Contraindication to high-PEEP and aggressive recruitment (ART).,,,,,
ARDS_POI_01915,SF-36 physical and mental health,POI_outcome,,,,,,
ARDS_POI_03118,Sars cov 2 induced hypercoagulability,POI_outcome,,,,,,
ARDS_POI_03119,Scheduled eye care lubricating drops gel eyelid closure,POI_outcome,,,,,,
ARDS_POI_03120,Septic shock hypovolemia,POI_outcome,,,,,,
ARDS_POI_01914,Short Physical Performance Battery score,POI_outcome,,,,,,
ARDS_POI_03122,Short acting neuromuscular blocking agents,POI_outcome,,,,,,
ARDS_POI_01728,Sleep Quality Enhancement Npsv,POI_outcome,,,,,,
ARDS_POI_03125,Solid cancer,POI_outcome,,,,,,
ARDS_POI_03126,Sp a deficiency,POI_outcome,,,,,,
ARDS_POI_03127,Sp02 to pao2 ratio correlation,POI_outcome,,,,,,
ARDS_POI_02691,Staff time and cost similar to invasive ventilation,POI_outcome,,,,,,
ARDS_POI_01284,Successful extubation and tracheostomy decannulation,POI_outcome,,,,,,
ARDS_POI_01566,Successful weaning at 60 days,POI_outcome,,,,,,
ARDS_POI_03128,Supplemental oxygen masking,POI_outcome,,,,,,
ARDS_POI_03130,Surfactant pool depletion,POI_outcome,,,,,,
ARDS_POI_01927,Sustained improvement in P/F ratio,POI_outcome,,,,,,
ARDS_POI_03132,Svc collapse measurement,POI_outcome,,,,,,
ARDS_POI_03135,Systemic inflammatory modulation,POI_outcome,,,,,,
ARDS_POI_02440,Time to 2-point clinical improvement,POI_outcome,,,,,,
ARDS_POI_01058,Time to in-hospital deterioration,POI_outcome,,,,,,
ARDS_POI_03139,Timp synthesis regulation il6,POI_outcome,,,,,,
ARDS_POI_02720,Unplanned extubation,POI_outcome,,,,,,
ARDS_POI_01467,Upper airway obstruction diagnosis,POI_outcome,,,,,,
ARDS_POI_03141,Use of neuromuscular blockers,POI_outcome,,,,,,
ARDS_POI_01056,Vasopressor use,POI_outcome,,,,,,
ARDS_POI_01655,Ventilator liberation difficulty,POI_outcome,,,,,,
ARDS_POI_01908,Weaning Difficulty,POI_outcome,,,,,,
ARDS_POI_01541,Weaning failure,POI_outcome,,,,,,
ARDS_POI_03143,Well tolerated,POI_outcome,,,,,,
ARDS_POI_02163,Worse respiratory status,POI_outcome,,,,,,
ARDS_POI_02341,Worsening pulmonary gas exchange,POI_outcome,,,,,,
ARDS_POI_02337,bronchoalveolar lavage eosinophilia,POI_outcome,,,,,,
ARDS_POI_02085,increased body mass index,POI_outcome,,,,,,
ARDS_POI_02338,spontaneous recovery,POI_outcome,,,,,,
ARDS_POI_01895,temporal trend of improved ALI mortality,POI_outcome,,,,,,
ARDS_POI_02840,038 per 1000 adult population,POI_population,,,,,,
ARDS_POI_02779,African-American gender,POI_population,,,,,,
ARDS_POI_01448,Black race,POI_population,,,,,,
ARDS_POI_01350,Cancer patients,POI_population,,,,,,
ARDS_POI_02042,Chronic respiratory disorders,POI_population,,,,,,
ARDS_POI_02544,Comatose survivors of out-of-hospital cardiac arrest,POI_population,,,,,,
ARDS_POI_02886,Corticosteroid exposure icu,POI_population,,,,,,
ARDS_POI_02887,Corticosteroid use 7d before icu,POI_population,,,,,,
ARDS_POI_02892,Cumulative corticosteroid dose icu,POI_population,,,,,,
ARDS_POI_02909,Diagnostic testing icuaw,POI_population,,,,,,
ARDS_POI_02911,Discharge to home vs facility icuaw,POI_population,,,,,,
ARDS_POI_02915,Early activity mobilization respiratory icu,POI_population,,,,,,
ARDS_POI_01345,Haematological cancer,POI_population,,,,,,
ARDS_POI_02209,Hematology and oncology patients,POI_population,,,,,,
ARDS_POI_02288,High incidence in elderly,POI_population,,,,,,
ARDS_POI_01449,Hispanic ethnicity,POI_population,,,,,,
ARDS_POI_02945,Icu admission severe cap,POI_population,,,,,,
ARDS_POI_02946,Icuap diagnosis,POI_population,,,,,,
ARDS_POI_03231,Immunocompromised patient with ARDS,POI_population,"ARDS in haematological malignancy, solid organ transplant, HIV, or prolonged corticosteroids. Standard ARDS RCT evidence may not generalise.",,,,,
ARDS_POI_01963,Immunocompromised patients,POI_population,,,,,,
ARDS_POI_02780,Male gender,POI_population,,,,,,
ARDS_POI_03006,Medical complication icu admission,POI_population,,,,,,
ARDS_POI_03229,Morbid obesity ARDS population,POI_population,"ARDS patients with BMI ≥40 kg/m². Elevated chest wall elastance, reduced FRC. PROBESE enrolled BMI ≥35 (PMID 31157366).",,,,,
ARDS_POI_03009,Morbid obesity bmi,POI_population,,,,,,
ARDS_POI_03260,Morbid obesity in ARDS population,POI_population,ARDS patients with BMI ≥40 kg/m². Elevated chest wall elastance and reduced functional residual capacity alter PEEP requirements substantially. Requires individualised PEEP titration. PROBESE trial en,,,,,
ARDS_POI_03014,Neuromuscular blocker use icu,POI_population,,,,,,
ARDS_POI_02063,Neuromuscular disease,POI_population,,,,,,
ARDS_POI_01286,Neuromuscular ventilatory insufficiency,POI_population,,,,,,
ARDS_POI_02699,No preload reserve,POI_population,,,,,,
ARDS_POI_02365,Old age >= 70 years,POI_population,,,,,,
ARDS_POI_02556,Older age,POI_population,,,,,,
ARDS_POI_03041,Patient directed music pdm,POI_population,,,,,,
ARDS_POI_01536,Physiotherapy for critically ill adults,POI_population,,,,,,
ARDS_POI_02698,Preload reserve,POI_population,,,,,,
ARDS_POI_02815,Restrictive thoracic disease,POI_population,,,,,,
ARDS_POI_03230,Right ventricular dysfunction ARDS population,POI_population,ARDS patients with echocardiographic acute cor pulmonale or RV dysfunction. Relative contraindication to high-PEEP and aggressive recruitment. Incidence 20–30% in moderate-severe ARDS by echocardiogra,,,,,
ARDS_POI_01709,Shock and respiratory failure,POI_population,,,,,,
ARDS_POI_01708,Shock or respiratory failure,POI_population,,,,,,
ARDS_POI_03123,Shorter icu stay sars arf,POI_population,,,,,,
ARDS_POI_03124,Similar outcomes to non cancer icu patients,POI_population,,,,,,
ARDS_POI_01346,Solid tumour cancer,POI_population,,,,,,
ARDS_POI_01788,Surgical patients,POI_population,,,,,,
ARDS_POI_03133,Svc collapse ventricular underfilling,POI_population,,,,,,
ARDS_POI_01450,White race,POI_population,,,,,,
ARDS_POI_01948,cancer requiring ICU admission,POI_population,,,,,,
ARDS_POI_02772,noninvasive positive pressure ventilation for obesity hypoventilation syndrome,POI_population,,,,,,
